+ACI-PromotionalOffers+ACI-,+ACI-BirthDate+ACI-,+ACI-Email+ACI-,+ACI-LastContactDate+ACI-,+ACI-WebsiteVisitFrequency+ACI-,+ACI-Quantity+ACI-,+ACI-PurchaseDate+ACI-,+ACI-Phone+ACI-,+ACI-LastUpdated+ACI-,+ACI-FirstName+ACI-,+ACI-AffiliateProgramParticipation+ACI-,+ACI-Gender+ACI-,+ACI-CustomerID+ACI-,+ACI-DeliveryDate+ACI-,+ACI-LastName+ACI-,+ACI-LoyaltyPoints+ACI-,+ACI-FeedbackScore+ACI-,+ACI-AccountBalance+ACI-,+ACI-MemberSince+ACI-,+ACI-MaritalStatus+ACI-,+ACI-UnitPrice+ACI-,+ACI-Address+ACI-,+ACI-State+ACI-,+ACI-Age+ACI-,+ACI-Category+ACI-,+ACI-PaymentType+ACI-,+ACI-AnnualIncome+ACI-,+ACI-City+ACI-,+ACI-SupportTicketsResolved+ACI-,+ACI-AppUsageDuration+ACI-,+ACI-Occupation+ACI-,+ACI-CreditScore+ACI-,+ACI-ReferralCode+ACI-,+ACI-ParticipationInSurveys+ACI-,+ACI-TotalPrice+ACI-,+ACI-ZipCode+ACI-,+ACI-RepaymentStatus+ACI-,+ACI-LoanAmount+ACI-,+ACI-SupportTicketsRaised+ACI-,+ACI-SatisfactionLevel+ACI-,+ACI-ReturnCustomerFlag+ACI-,+ACI-LastPurchaseLocation+ACI-,+ACI-ProductID+ACI-,+ACI-ShippingDate+ACI-,+ACI-OnlineOrderFlag+ACI-,+ACI-ProductName+ACI-,+ACI-SocialMediaEngagement+ACI-,+ACI-Country+ACI-,+ACI-OrderStatus+ACI-,+ACI-PreferredContactMethod+ACI-,+ACI-NewsletterSubscription+ACI-
+ACI-Yes+ACI-,+ACI-2014-03-02+ACI-,+ACI-customer+ACQAQA-example.com+ACI-,+ACI-2024-03-07+ACI-,+ACI-12+ACI-,+ACI-4+ACI-,+ACI-2023-09-24+ACI-,+ACIAIwAjACM--479+ACMAIg-,+ACI-2024-04-05+ACI-,+ACIAIg-,+ACI-No+ACI-,+ACI-Male+ACI-,+ACI-7c33c4b9-620f-4bfc-9d61-2e6782279253+ACI-,+ACI-2024-03-06+ACI-,+ACI-Williams+ACI-,+ACI-241+ACI-,+ACI-3+ACI-,+ACI-4527.00+ACI-,+ACI-2024-02-07+ACI-,+ACI-Married+ACI-,+ACI-110.00+ACI-,+ACI-123 Main St Apt 0, NewLine
+ACI-,+ACI-CA+ACI-,+ACI-39+ACI-,+ACI-Clothing+ACI-,+ACI-Wire Transfer+ACI-,+ACI-19094.00+ACI-,+ACI-Gotham+ACI-,+ACI-3+ACI-,+ACI-66+ACI-,+ACI-Teacher+ACI-,+ACI-350+ACI-,+ACI-REF9041+ACI-,+ACI-Yes+ACI-,+ACI-387.00+ACI-,+ACI-10789+ACI-,+ACI-Overdue+ACI-,+ACI-393031.00+ACI-,+ACI-2+ACI-,+ACI-1+ACI-,+ACI-Yes+ACI-,+ACI-Phone+ACI-,+ACI-45274+ACI-,+ACI-2023-12-22+ACI-,+ACI-No+ACI-,+ACI-Gadget, B+ACI-,+ACI-85+ACI-,+ACI-USA+ACI-,+ACI-Refunded+ACI-,+ACI-Mail+ACI-,+ACI-Yes+ACI-
+ACI-No+ACI-,+ACI-1986-04-12+ACI-,+ACI-customer1+AEA-example.com+ACI-,+ACI-2023-12-07+ACI-,+ACI-19+ACI-,+ACI-5+ACI-,+ACI-2023-10-27+ACI-,+ACIAIwAjACM--9+ACM-94+ACI-,+ACI-2024-04-01+ACI-,+ACIAIg-,+ACI-Yes+ACI-,+ACI-Female+ACI-,+ACI-2e344a22-e843-4ddd-a559-3a0cb36382cb+ACI-,+ACI-2023-11-07+ACI-,+ACI-Doe+ACI-,+ACI-63+ACI-,+ACI-2+ACI-,+ACI-11488.00+ACI-,+ACI-2024-03-24+ACI-,+ACI-Divorced+ACI-,+ACI-261.00+ACI-,+ACI-123 Main St Apt 1, NewLine
+ACI-,+ACI-NY+ACI-,+ACI-75+ACI-,+ACI-Home Goods+ACI-,+ACI-Debit Card+ACI-,+ACI-119420.00+ACI-,+ACI-Springfield+ACI-,+ACI-9+ACI-,+ACI-60+ACI-,+ACI-Teacher+ACI-,+ACI-808+ACI-,+ACI-REF6531+ACI-,+ACI-Yes+ACI-,+ACI-259.00+ACI-,+ACI-17539+ACI-,+ACI-Overdue+ACI-,+ACI-401428.00+ACI-,+ACI-9+ACI-,+ACI-2+ACI-,+ACI-Yes+ACI-,+ACI-Store+ACI-,+ACI-58551+ACI-,+ACI-2024-01-07+ACI-,+ACI-No+ACI-,+ACI-Gadget, B+ACI-,+ACI-91+ACI-,+ACI-USA+ACI-,+ACI-Completed+ACI-,+ACI-Email+ACI-,+ACI-Yes+ACI-
+ACI-Yes+ACI-,+ACI-1988-10-22+ACI-,+ACI-customer2+AEA-example.com+ACI-,+ACI-2023-09-11+ACI-,+ACI-5+ACI-,+ACI-2+ACI-,+ACI-2023-04-19+ACI-,+ACIAIwAjACM--2287+ACI-,+ACI-2023-09-15+ACI-,+ACI-Mary+ACI-,+ACI-No+ACI-,+ACI-Other+ACI-,+ACI-9d2c7f02-a01e-4eae-bec4-768a25b196a4+ACI-,+ACI-2024-03-04+ACI-,+ACI-Davis+ACI-,+ACI-288+ACI-,+ACI-2+ACI-,+ACI-24243.00+ACI-,+ACI-2023-12-16+ACI-,+ACI-Divorced+ACI-,+ACI-90.00+ACI-,+ACI-123 Main St Apt 2, NewLine
+ACI-,+ACI-NY+ACI-,+ACI-66+ACI-,+ACI-Clothing+ACI-,+ACI-Credit Card+ACI-,+ACI-15170.00+ACI-,+ACIAIg-,+ACI-3+ACI-,+ACI-47+ACI-,+ACI-Lawyer+ACI-,+ACI-420+ACI-,+ACI-REF3775+ACI-,+ACI-No+ACI-,+ACI-70.00+ACI-,+ACI-15100+ACI-,+ACI-Overdue+ACI-,+ACI-183438.00+ACI-,+ACI-4+ACI-,+ACI-2+ACI-,+ACI-Yes+ACI-,+ACI-Phone+ACI-,+ACI-67814+ACI-,+ACI-2023-04-28+ACI-,+ACI-Yes+ACI-,+ACI-Thingamajig C+//3//f/9ACI-,+ACI-74+ACI-,+ACI-UK+ACI-,+ACI-Cancelled+ACI-,+ACI-Email+ACI-,+ACI-No+ACI-
+ACI-No+ACI-,+ACI-2000-10-15+ACI-,+ACI-customer3+AEA-example.com+ACI-,+ACI-2023-09-09+ACI-,+ACI-65+ACI-,+ACI-5+ACI-,+ACI-2024-02-24+ACI-,+ACIAIwAjACM--110+ACMAIg-,+ACI-2024-03-02+ACI-,+ACI-Jane+ACI-,+ACI-Yes+ACI-,+ACI-Other+ACI-,+ACI-7eac9158-8cb3-4cba-9221-d88157175491+ACI-,+ACI-2023-12-05+ACI-,+ACI-Johnson+ACI-,+ACI-414+ACI-,+ACI-3+ACI-,+ACI-4264.00+ACI-,+ACI-2023-11-22+ACI-,+ACI-Single+ACI-,+ACI-102.00+ACI-,+ACI-123 Main St Apt 3, NewLine
+ACI-,+ACI-TX+ACI-,+ACI-36+ACI-,+ACI-Clothing+ACI-,+ACI-Credit Card+ACI-,+ACI-68034.00+ACI-,+ACI-Gotham+ACI-,+ACI-6+ACI-,+ACI-32+ACI-,+ACI-Teacher+ACI-,+ACI-439+ACI-,+ACI-REF9072+ACI-,+ACI-Yes+ACI-,+ACI-387.00+ACI-,+ACI-97679+ACI-,+ACI-Paid Off+ACI-,+ACI-487490.00+ACI-,+ACI-4+ACI-,+ACI-4+ACI-,+ACI-Yes+ACI-,+ACI-Store+ACI-,+ACI-94123+ACI-,+ACI-2023-05-05+ACI-,+ACI-No+ACI-,+ACI-Gadget, B+ACI-,+ACI-16+ACI-,+ACI-Canada+ACI-,+ACI-Cancelled+ACI-,+ACI-Email+ACI-,+ACI-Yes+ACI-
+ACI-No+ACI-,+ACI-2007-04-26+ACI-,+ACI-customer4+AEA-example.com+ACI-,+ACI-2023-08-17+ACI-,+ACI-67+ACI-,+ACI-2+ACI-,+ACI-2023-05-03+ACI-,+ACIAIwAjACM--3613+ACI-,+ACI-2024-02-28+ACI-,+ACIAIg-,+ACI-Yes+ACI-,+ACI-Female+ACI-,+ACI-ee8ed988-3ea1-4dd1-b05e-66c57af5b1af+ACI-,+ACI-2023-08-16+ACI-,+ACI-Johnson+ACI-,+ACI-63+ACI-,+ACI-4+ACI-,+ACI-1923.00+ACI-,+ACI-2023-05-21+ACI-,+ACI-Married+ACI-,+ACI-442.00+ACI-,+ACI-123 Main St Apt 4, NewLine
+ACI-,+ACI-TX+ACI-,+ACI-69+ACI-,+ACI-Clothing+ACI-,+ACI-Debit Card+ACI-,+ACI-142902.00+ACI-,+ACI-Gotham+ACI-,+ACI-1+ACI-,+ACI-32+ACI-,+ACI-Lawyer+ACI-,+ACI-442+ACI-,+ACI-REF9099+ACI-,+ACI-No+ACI-,+ACI-193.00+ACI-,+ACI-84485+ACI-,+ACI-Overdue+ACI-,+ACI-22328.00+ACI-,+ACI-7+ACI-,+ACI-3+ACI-,+ACI-No+ACI-,+ACI-Store+ACI-,+ACI-86660+ACI-,+ACI-2023-06-11+ACI-,+ACI-No+ACI-,+ACI-Thingamajig C+//3//f/9ACI-,+ACI-72+ACI-,+ACI-USA+ACI-,+ACI-Completed+ACI-,+ACI-Mail+ACI-,+ACI-Yes+ACI-
+ACI-Yes+ACI-,+ACI-1993-10-31+ACI-,+ACI-customer5+AEA-example.com+ACI-,+ACI-2023-05-21+ACI-,+ACI-68+ACI-,+ACI-4+ACI-,+ACI-2023-11-23+ACI-,+ACIAIwAjACM--+ACM-904+ACI-,+ACI-2023-05-21+ACI-,+ACIAIg-,+ACI-Yes+ACI-,+ACI-Other+ACI-,+ACI-5067d7dc-041e-4852-9efb-6a9fe4f78228+ACI-,+ACI-2024-04-06+ACI-,+ACI-Doe+ACI-,+ACI-412+ACI-,+ACI-4+ACI-,+ACI-10636.00+ACI-,+ACI-2023-06-04+ACI-,+ACI-Divorced+ACI-,+ACI-72.00+ACI-,+ACI-123 Main St Apt 5, NewLine
+ACI-,+ACI-TX+ACI-,+ACI-29+ACI-,+ACI-Clothing+ACI-,+ACI-Credit Card+ACI-,+ACI-72005.00+ACI-,+ACI-Springfield+ACI-,+ACI-5+ACI-,+ACI-96+ACI-,+ACI-Artist+ACI-,+ACI-372+ACI-,+ACI-REF6346+ACI-,+ACI-No+ACI-,+ACI-147.00+ACI-,+ACI-25000+ACI-,+ACI-Paid Off+ACI-,+ACI-115514.00+ACI-,+ACI-2+ACI-,+ACI-2+ACI-,+ACI-Yes+ACI-,+ACI-Phone+ACI-,+ACI-75210+ACI-,+ACI-2023-11-12+ACI-,+ACI-No+ACI-,+ACI-Thingamajig C+//3//f/9ACI-,+ACI-16+ACI-,+ACI-Canada+ACI-,+ACI-Cancelled+ACI-,+ACI-Email+ACI-,+ACI-Yes+ACI-
+ACI-No+ACI-,+ACI-1976-07-07+ACI-,+ACI-customer6+AEA-example.com+ACI-,+ACI-2023-05-03+ACI-,+ACI-69+ACI-,+ACI-5+ACI-,+ACI-2023-08-10+ACI-,+ACIAIwAjACM--1188+ACI-,+ACI-2024-03-11+ACI-,+ACIAIg-,+ACI-Yes+ACI-,+ACI-Male+ACI-,+ACI-95fe721c-8390-41b5-bc73-d73aa41cfdb7+ACI-,+ACI-2023-04-14+ACI-,+ACI-Johnson+ACI-,+ACI-214+ACI-,+ACI-3+ACI-,+ACI-7716.00+ACI-,+ACI-2023-08-27+ACI-,+ACI-Divorced+ACI-,+ACI-16.00+ACI-,+ACI-123 Main St Apt 6, NewLine
+ACI-,+ACI-NY+ACI-,+ACI-75+ACI-,+ACI-Home Goods+ACI-,+ACI-Credit Card+ACI-,+ACI-79329.00+ACI-,+ACIAIg-,+ACI-5+ACI-,+ACI-80+ACI-,+ACI-Teacher+ACI-,+ACI-770+ACI-,+ACI-REF6423+ACI-,+ACI-No+ACI-,+ACI-308.00+ACI-,+ACI-85679+ACI-,+ACI-Current+ACI-,+ACI-496024.00+ACI-,+ACI-4+ACI-,+ACI-3+ACI-,+ACI-Yes+ACI-,+ACI-Phone+ACI-,+ACI-18811+ACI-,+ACI-2023-11-05+ACI-,+ACI-Yes+ACI-,+ACI-Thingamajig C+//3//f/9ACI-,+ACI-79+ACI-,+ACI-Canada+ACI-,+ACI-Completed+ACI-,+ACI-Mail+ACI-,+ACI-No+ACI-
+ACI-No+ACI-,+ACI-1988-01-01+ACI-,+ACI-customer7+AEA-example.com+ACI-,+ACI-2023-09-11+ACI-,+ACI-42+ACI-,+ACI-6+ACI-,+ACI-2023-04-16+ACI-,+ACIAIwAjACM--+ACM-134+ACI-,+ACI-2023-06-23+ACI-,+ACI-Jane+ACI-,+ACI-Yes+ACI-,+ACI-Other+ACI-,+ACI-df7af7fb-0c70-4f92-9fa8-65138398f036+ACI-,+ACI-2024-01-05+ACI-,+ACI-Smith+ACI-,+ACI-309+ACI-,+ACI-1+ACI-,+ACI-15448.00+ACI-,+ACI-2023-06-11+ACI-,+ACI-Single+ACI-,+ACI-338.00+ACI-,+ACI-123 Main St Apt 7, NewLine
+ACI-,+ACI-NY+ACI-,+ACI-74+ACI-,+ACI-Clothing+ACI-,+ACI-PayPal+ACI-,+ACI-147606.00+ACI-,+ACIAIg-,+ACI-6+ACI-,+ACI-62+ACI-,+ACI-Lawyer+ACI-,+ACI-588+ACI-,+ACI-REF7269+ACI-,+ACI-No+ACI-,+ACI-355.00+ACI-,+ACI-95591+ACI-,+ACI-Overdue+ACI-,+ACI-366795.00+ACI-,+ACI-5+ACI-,+ACI-4+ACI-,+ACI-No+ACI-,+ACI-Phone+ACI-,+ACI-44545+ACI-,+ACI-2024-01-06+ACI-,+ACI-No+ACI-,+ACI-Widget A+ACI-,+ACI-33+ACI-,+ACI-Canada+ACI-,+ACI-Cancelled+ACI-,+ACI-Phone+ACI-,+ACI-Yes+ACI-
+ACI-Yes+ACI-,+ACI-2009-06-15+ACI-,+ACI-customer8+AEA-example.com+ACI-,+ACI-2024-01-18+ACI-,+ACI-88+ACI-,+ACI-3+ACI-,+ACI-2023-06-24+ACI-,+ACIAIwAjACM--4031+ACI-,+ACI-2023-07-15+ACI-,+ACI-John+ACI-,+ACI-No+ACI-,+ACI-Other+ACI-,+ACI-8abdb1f0-3f00-434d-a8fc-002b42bd68cd+ACI-,+ACI-2023-11-20+ACI-,+ACI-Davis+ACI-,+ACI-91+ACI-,+ACI-4+ACI-,+ACI-16306.00+ACI-,+ACI-2023-12-30+ACI-,+ACI-Divorced+ACI-,+ACI-343.00+ACI-,+ACI-123 Main St Apt 8, NewLine
+ACI-,+ACI-TX+ACI-,+ACI-69+ACI-,+ACI-Electronics+ACI-,+ACI-Debit Card+ACI-,+ACI-28576.00+ACI-,+ACIAIg-,+ACI-0+ACI-,+ACI-40+ACI-,+ACI-Lawyer+ACI-,+ACI-719+ACI-,+ACI-REF3336+ACI-,+ACI-No+ACI-,+ACI-131.00+ACI-,+ACI-81944+ACI-,+ACI-Overdue+ACI-,+ACI-498908.00+ACI-,+ACI-5+ACI-,+ACI-3+ACI-,+ACI-No+ACI-,+ACI-Phone+ACI-,+ACI-43797+ACI-,+ACI-2023-12-27+ACI-,+ACI-No+ACI-,+ACI-Thingamajig C+//3//f/9ACI-,+ACI-10+ACI-,+ACI-UK+ACI-,+ACI-Pending+ACI-,+ACI-Mail+ACI-,+ACI-No+ACI-
+ACI-Yes+ACI-,+ACI-1989-06-14+ACI-,+ACI-customer9+AEA-example.com+ACI-,+ACI-2023-07-02+ACI-,+ACI-13+ACI-,+ACI-1+ACI-,+ACI-2024-01-15+ACI-,+ACIAIwAjACM--4+ACM-23+ACI-,+ACI-2023-09-05+ACI-,+ACI-Linda+ACI-,+ACI-No+ACI-,+ACI-Other+ACI-,+ACI-cf7b7ea8-f349-46ca-89bb-cbfcaea08fa6+ACI-,+ACI-2023-12-21+ACI-,+ACI-Davis+ACI-,+ACI-217+ACI-,+ACI-1+ACI-,+ACI-19033.00+ACI-,+ACI-2023-08-20+ACI-,+ACI-Married+ACI-,+ACI-167.00+ACI-,+ACI-123 Main St Apt 9, NewLine
+ACI-,+ACI-CA+ACI-,+ACI-79+ACI-,+ACI-Clothing+ACI-,+ACI-Credit Card+ACI-,+ACI-88370.00+ACI-,+ACI-Riverdale+ACI-,+ACI-7+ACI-,+ACI-15+ACI-,+ACI-Artist+ACI-,+ACI-367+ACI-,+ACI-REF3498+ACI-,+ACI-No+ACI-,+ACI-387.00+ACI-,+ACI-68159+ACI-,+ACI-Paid Off+ACI-,+ACI-164325.00+ACI-,+ACI-3+ACI-,+ACI-1+ACI-,+ACI-No+ACI-,+ACI-Online+ACI-,+ACI-77050+ACI-,+ACI-2024-01-09+ACI-,+ACI-Yes+ACI-,+ACI-Thingamajig C+//3//f/9ACI-,+ACI-38+ACI-,+ACI-USA+ACI-,+ACI-Pending+ACI-,+ACI-Phone+ACI-,+ACI-Yes+ACI-
+ACI-Yes+ACI-,+ACI-1980-01-01+ACI-,+ACI-customer1+ACQAQA-example.com+ACI-,+ACI-2023-10-05+ACI-,+ACI-58+ACI-,+ACI-1+ACI-,+ACI-2023-04-20+ACI-,+ACIAIwAjACM--7443+ACI-,+ACI-2024-03-15+ACI-,+ACIAIg-,+ACI-Yes+ACI-,+ACI-Male+ACI-,+ACI-269a1ac6-6b7b-4a29-9172-fa9f0efb432b+ACI-,+ACI-2023-05-22+ACI-,+ACI-Davis+ACI-,+ACI-197+ACI-,+ACI-2+ACI-,+ACI-15538.00+ACI-,+ACI-2023-05-08+ACI-,+ACI-Divorced+ACI-,+ACI-207.00+ACI-,+ACI-123 Main St Apt 10, NewLine
+ACI-,+ACI-TX+ACI-,+ACI-46+ACI-,+ACI-Clothing+ACI-,+ACI-Debit Card+ACI-,+ACI-14523.00+ACI-,+ACI-Springfield+ACI-,+ACI-8+ACI-,+ACI-52+ACI-,+ACI-Teacher+ACI-,+ACI-584+ACI-,+ACI-REF5548+ACI-,+ACI-No+ACI-,+ACI-132.00+ACI-,+ACI-32408+ACI-,+ACI-Paid Off+ACI-,+ACI-359537.00+ACI-,+ACI-2+ACI-,+ACI-3+ACI-,+ACI-Yes+ACI-,+ACI-Store+ACI-,+ACI-51286+ACI-,+ACI-2023-09-07+ACI-,+ACI-No+ACI-,+ACI-Widget A+ACI-,+ACI-63+ACI-,+ACI-UK+ACI-,+ACI-Completed+ACI-,+ACI-Mail+ACI-,+ACI-No+ACI-
+ACI-No+ACI-,+ACI-1993-01-30+ACI-,+ACI-customer11+AEA-example.com+ACI-,+ACI-2024-01-28+ACI-,+ACI-15+ACI-,+ACI-1+ACI-,+ACI-2023-06-07+ACI-,+ACIAIwAjACM--4468+ACI-,+ACI-2023-06-21+ACI-,+ACI-Robert+ACI-,+ACI-Yes+ACI-,+ACI-Male+ACI-,+ACI-d0ce56fd-ff7f-443f-93e2-327d0064db45+ACI-,+ACI-2024-02-13+ACI-,+ACI-Smith+ACI-,+ACI-479+ACI-,+ACI-3+ACI-,+ACI-4666.00+ACI-,+ACI-2023-07-07+ACI-,+ACI-Single+ACI-,+ACI-405.00+ACI-,+ACI-123 Main St Apt 11, NewLine
+ACI-,+ACI-NY+ACI-,+ACI-77+ACI-,+ACI-Electronics+ACI-,+ACI-Wire Transfer+ACI-,+ACI-128803.00+ACI-,+ACIAIg-,+ACI-0+ACI-,+ACI-94+ACI-,+ACI-Doctor+ACI-,+ACI-314+ACI-,+ACI-REF4038+ACI-,+ACI-Yes+ACI-,+ACI-273.00+ACI-,+ACI-63865+ACI-,+ACI-Current+ACI-,+ACI-57876.00+ACI-,+ACI-5+ACI-,+ACI-1+ACI-,+ACI-No+ACI-,+ACI-Online+ACI-,+ACI-39191+ACI-,+ACI-2023-04-29+ACI-,+ACI-No+ACI-,+ACI-Gadget, B+ACI-,+ACI-84+ACI-,+ACI-UK+ACI-,+ACI-Refunded+ACI-,+ACI-Mail+ACI-,+ACI-Yes+ACI-
+ACI-No+ACI-,+ACI-1988-04-20+ACI-,+ACI-customer12+AEA-example.com+ACI-,+ACI-2024-02-21+ACI-,+ACI-26+ACI-,+ACI-2+ACI-,+ACI-2024-02-25+ACI-,+ACIAIwAjACM--3149+ACI-,+ACI-2023-04-22+ACI-,+ACI-Linda+ACI-,+ACI-No+ACI-,+ACI-Male+ACI-,+ACI-06ac3c78-2e15-4149-9e5d-b423ba1d6765+ACI-,+ACI-2023-11-29+ACI-,+ACI-Doe+ACI-,+ACI-194+ACI-,+ACI-3+ACI-,+ACI-2690.00+ACI-,+ACI-2023-11-02+ACI-,+ACI-Single+ACI-,+ACI-275.00+ACI-,+ACI-123 Main St Apt 12, NewLine
+ACI-,+ACI-NY+ACI-,+ACI-65+ACI-,+ACI-Clothing+ACI-,+ACI-Wire Transfer+ACI-,+ACI-100665.00+ACI-,+ACI-Springfield+ACI-,+ACI-8+ACI-,+ACI-31+ACI-,+ACI-Engineer+ACI-,+ACI-333+ACI-,+ACI-REF6920+ACI-,+ACI-No+ACI-,+ACI-289.00+ACI-,+ACI-44890+ACI-,+ACI-Current+ACI-,+ACI-469913.00+ACI-,+ACI-1+ACI-,+ACI-4+ACI-,+ACI-No+ACI-,+ACI-Online+ACI-,+ACI-95783+ACI-,+ACI-2023-10-09+ACI-,+ACI-No+ACI-,+ACI-Thingamajig C+//3//f/9ACI-,+ACI-80+ACI-,+ACI-Canada+ACI-,+ACI-Cancelled+ACI-,+ACI-Email+ACI-,+ACI-No+ACI-
+ACI-No+ACI-,+ACI-1980-11-27+ACI-,+ACI-customer13+AEA-example.com+ACI-,+ACI-2023-09-12+ACI-,+ACI-84+ACI-,+ACI-3+ACI-,+ACI-2023-08-23+ACI-,+ACIAIwAjACM--7980+ACI-,+ACI-2023-06-25+ACI-,+ACIAIg-,+ACI-Yes+ACI-,+ACI-Male+ACI-,+ACI-16aaf59d-9d97-48d2-ac48-1d88064422d4+ACI-,+ACI-2023-12-24+ACI-,+ACI-Johnson+ACI-,+ACI-315+ACI-,+ACI-3+ACI-,+ACI-23521.00+ACI-,+ACI-2024-01-19+ACI-,+ACI-Married+ACI-,+ACI-31.00+ACI-,+ACI-123 Main St Apt 13, NewLine
+ACI-,+ACI-CA+ACI-,+ACI-52+ACI-,+ACI-Clothing+ACI-,+ACI-Credit Card+ACI-,+ACI-38386.00+ACI-,+ACIAIg-,+ACI-2+ACI-,+ACI-56+ACI-,+ACI-Engineer+ACI-,+ACI-357+ACI-,+ACI-REF1874+ACI-,+ACI-Yes+ACI-,+ACI-333.00+ACI-,+ACI-87201+ACI-,+ACI-Current+ACI-,+ACI-295223.00+ACI-,+ACI-2+ACI-,+ACI-1+ACI-,+ACI-No+ACI-,+ACI-Phone+ACI-,+ACI-41804+ACI-,+ACI-2023-12-12+ACI-,+ACI-Yes+ACI-,+ACI-Gadget, B+ACI-,+ACI-73+ACI-,+ACI-UK+ACI-,+ACI-Cancelled+ACI-,+ACI-Email+ACI-,+ACI-No+ACI-
+ACI-Yes+ACI-,+ACI-2008-11-15+ACI-,+ACI-customer14+AEA-example.com+ACI-,+ACI-2024-03-22+ACI-,+ACI-28+ACI-,+ACI-5+ACI-,+ACI-2023-06-16+ACI-,+ACIAIwAjACM--8469+ACI-,+ACI-2024-01-23+ACI-,+ACIAIg-,+ACI-No+ACI-,+ACI-Other+ACI-,+ACI-0aefec0f-7da8-43e8-899e-181ca9fd13ea+ACI-,+ACI-2023-07-06+ACI-,+ACI-Davis+ACI-,+ACI-213+ACI-,+ACI-4+ACI-,+ACI-16270.00+ACI-,+ACI-2023-10-17+ACI-,+ACI-Divorced+ACI-,+ACI-220.00+ACI-,+ACI-123 Main St Apt 14, NewLine
+ACI-,+ACI-CA+ACI-,+ACI-47+ACI-,+ACI-Electronics+ACI-,+ACI-Credit Card+ACI-,+ACI-97877.00+ACI-,+ACIAIg-,+ACI-6+ACI-,+ACI-79+ACI-,+ACI-Teacher+ACI-,+ACI-689+ACI-,+ACI-REF8033+ACI-,+ACI-No+ACI-,+ACI-493.00+ACI-,+ACI-24317+ACI-,+ACI-Overdue+ACI-,+ACI-193162.00+ACI-,+ACI-7+ACI-,+ACI-2+ACI-,+ACI-Yes+ACI-,+ACI-Online+ACI-,+ACI-13367+ACI-,+ACI-2023-09-12+ACI-,+ACI-No+ACI-,+ACI-Thingamajig C+//3//f/9ACI-,+ACI-56+ACI-,+ACI-Canada+ACI-,+ACI-Refunded+ACI-,+ACI-Mail+ACI-,+ACI-Yes+ACI-
+ACI-No+ACI-,+ACI-2015-08-08+ACI-,+ACI-customer15+AEA-example.com+ACI-,+ACI-2023-08-27+ACI-,+ACI-91+ACI-,+ACI-1+ACI-,+ACI-2024-01-10+ACI-,+ACIAIwAjACM--6767+ACI-,+ACI-2023-06-01+ACI-,+ACI-Mary+ACI-,+ACI-Yes+ACI-,+ACI-Other+ACI-,+ACI-3e463d7c-4e5d-473c-a03c-b7cf132bd259+ACI-,+ACI-2023-10-07+ACI-,+ACI-Johnson+ACI-,+ACI-413+ACI-,+ACI-3+ACI-,+ACI-19101.00+ACI-,+ACI-2023-08-02+ACI-,+ACI-Married+ACI-,+ACI-28.00+ACI-,+ACI-123 Main St Apt 15, NewLine
+ACI-,+ACI-NY+ACI-,+ACI-54+ACI-,+ACI-Clothing+ACI-,+ACI-PayPal+ACI-,+ACI-131852.00+ACI-,+ACI-Riverdale+ACI-,+ACI-2+ACI-,+ACI-73+ACI-,+ACI-Teacher+ACI-,+ACI-617+ACI-,+ACI-REF5246+ACI-,+ACI-Yes+ACI-,+ACI-388.00+ACI-,+ACI-47822+ACI-,+ACI-Current+ACI-,+ACI-462645.00+ACI-,+ACI-2+ACI-,+ACI-2+ACI-,+ACI-Yes+ACI-,+ACI-Online+ACI-,+ACI-86245+ACI-,+ACI-2023-08-31+ACI-,+ACI-No+ACI-,+ACI-Widget A+ACI-,+ACI-87+ACI-,+ACI-Canada+ACI-,+ACI-Pending+ACI-,+ACI-Email+ACI-,+ACI-No+ACI-
+ACI-No+ACI-,+ACI-1979-05-21+ACI-,+ACI-customer16+AEA-example.com+ACI-,+ACI-2023-07-04+ACI-,+ACI-22+ACI-,+ACI-6+ACI-,+ACI-2023-06-27+ACI-,+ACIAIwAjACM--64+ACM-6+ACI-,+ACI-2023-05-28+ACI-,+ACI-Robert+ACI-,+ACI-No+ACI-,+ACI-Other+ACI-,+ACI-9a118f4e-a246-4bcd-8e22-97526580f155+ACI-,+ACI-2023-09-23+ACI-,+ACI-Williams+ACI-,+ACI-413+ACI-,+ACI-4+ACI-,+ACI-18639.00+ACI-,+ACI-2024-02-24+ACI-,+ACI-Divorced+ACI-,+ACI-85.00+ACI-,+ACI-123 Main St Apt 16, NewLine
+ACI-,+ACI-TX+ACI-,+ACI-54+ACI-,+ACI-Electronics+ACI-,+ACI-Wire Transfer+ACI-,+ACI-27920.00+ACI-,+ACIAIg-,+ACI-5+ACI-,+ACI-6+ACI-,+ACI-Engineer+ACI-,+ACI-434+ACI-,+ACI-REF7493+ACI-,+ACI-Yes+ACI-,+ACI-36.00+ACI-,+ACI-70632+ACI-,+ACI-Paid Off+ACI-,+ACI-144588.00+ACI-,+ACI-8+ACI-,+ACI-2+ACI-,+ACI-No+ACI-,+ACI-Phone+ACI-,+ACI-31807+ACI-,+ACI-2024-03-28+ACI-,+ACI-No+ACI-,+ACI-Widget A+ACI-,+ACI-94+ACI-,+ACI-USA+ACI-,+ACI-Refunded+ACI-,+ACI-Mail+ACI-,+ACI-No+ACI-
+ACI-Yes+ACI-,+ACI-2016-07-07+ACI-,+ACI-customer17+AEA-example.com+ACI-,+ACI-2023-11-09+ACI-,+ACI-75+ACI-,+ACI-7+ACI-,+ACI-2023-08-23+ACI-,+ACIAIwAjACM--1292+ACI-,+ACI-2023-11-24+ACI-,+ACIAIg-,+ACI-No+ACI-,+ACI-Other+ACI-,+ACI-fc5e8bb4-c5a8-447e-adc1-84026fbf3f7c+ACI-,+ACI-2023-09-13+ACI-,+ACI-Smith+ACI-,+ACI-129+ACI-,+ACI-4+ACI-,+ACI-21687.00+ACI-,+ACI-2023-05-23+ACI-,+ACI-Divorced+ACI-,+ACI-115.00+ACI-,+ACI-123 Main St Apt 17, NewLine
+ACI-,+ACI-CA+ACI-,+ACI-31+ACI-,+ACI-Clothing+ACI-,+ACI-Credit Card+ACI-,+ACI-66169.00+ACI-,+ACIAIg-,+ACI-6+ACI-,+ACI-23+ACI-,+ACI-Engineer+ACI-,+ACI-626+ACI-,+ACI-REF1138+ACI-,+ACI-No+ACI-,+ACI-431.00+ACI-,+ACI-54858+ACI-,+ACI-Current+ACI-,+ACI-481122.00+ACI-,+ACI-9+ACI-,+ACI-3+ACI-,+ACI-Yes+ACI-,+ACI-Phone+ACI-,+ACI-95872+ACI-,+ACI-2023-07-07+ACI-,+ACI-Yes+ACI-,+ACI-Thingamajig C+//3//f/9ACI-,+ACI-27+ACI-,+ACI-UK+ACI-,+ACI-Pending+ACI-,+ACI-Mail+ACI-,+ACI-Yes+ACI-
+ACI-Yes+ACI-,+ACI-2015-12-07+ACI-,+ACI-customer18+AEA-example.com+ACI-,+ACI-2024-01-30+ACI-,+ACI-16+ACI-,+ACI-1+ACI-,+ACI-2024-03-07+ACI-,+ACIAIwAjACM--7204+ACI-,+ACI-2023-07-22+ACI-,+ACI-Mary+ACI-,+ACI-Yes+ACI-,+ACI-Other+ACI-,+ACI-b39201dd-0c83-4fd6-b7a3-dc72a1f49846+ACI-,+ACI-2024-02-08+ACI-,+ACI-Doe+ACI-,+ACI-170+ACI-,+ACI-3+ACI-,+ACI-7276.00+ACI-,+ACI-2024-03-04+ACI-,+ACI-Divorced+ACI-,+ACI-448.00+ACI-,+ACI-123 Main St Apt 18, NewLine
+ACI-,+ACI-NY+ACI-,+ACI-51+ACI-,+ACI-Home Goods+ACI-,+ACI-PayPal+ACI-,+ACI-67894.00+ACI-,+ACI-Riverdale+ACI-,+ACI-8+ACI-,+ACI-46+ACI-,+ACI-Engineer+ACI-,+ACI-420+ACI-,+ACI-REF8476+ACI-,+ACI-No+ACI-,+ACI-21.00+ACI-,+ACI-92446+ACI-,+ACI-Overdue+ACI-,+ACI-290006.00+ACI-,+ACI-3+ACI-,+ACI-1+ACI-,+ACI-Yes+ACI-,+ACI-Online+ACI-,+ACI-81079+ACI-,+ACI-2023-10-18+ACI-,+ACI-Yes+ACI-,+ACI-Thingamajig C+//3//f/9ACI-,+ACI-48+ACI-,+ACI-UK+ACI-,+ACI-Cancelled+ACI-,+ACI-Email+ACI-,+ACI-No+ACI-
+ACI-No+ACI-,+ACI-2002-06-16+ACI-,+ACI-customer19+AEA-example.com+ACI-,+ACI-2024-03-23+ACI-,+ACI-20+ACI-,+ACI-7+ACI-,+ACI-2023-07-09+ACI-,+ACIAIwAjACM--1782+ACI-,+ACI-2023-06-03+ACI-,+ACIAIg-,+ACI-No+ACI-,+ACI-Other+ACI-,+ACI-5a8eafd1-d0d3-4411-b8f2-70246d14735c+ACI-,+ACI-2023-10-23+ACI-,+ACI-Williams+ACI-,+ACI-254+ACI-,+ACI-1+ACI-,+ACI-2187.00+ACI-,+ACI-2023-10-12+ACI-,+ACI-Divorced+ACI-,+ACI-323.00+ACI-,+ACI-123 Main St Apt 19, NewLine
+ACI-,+ACI-CA+ACI-,+ACI-50+ACI-,+ACI-Electronics+ACI-,+ACI-Debit Card+ACI-,+ACI-69073.00+ACI-,+ACI-Riverdale+ACI-,+ACI-0+ACI-,+ACI-78+ACI-,+ACI-Engineer+ACI-,+ACI-348+ACI-,+ACI-REF8865+ACI-,+ACI-No+ACI-,+ACI-168.00+ACI-,+ACI-81250+ACI-,+ACI-Overdue+ACI-,+ACI-322909.00+ACI-,+ACI-8+ACI-,+ACI-3+ACI-,+ACI-Yes+ACI-,+ACI-Store+ACI-,+ACI-95029+ACI-,+ACI-2023-05-07+ACI-,+ACI-No+ACI-,+ACI-Widget A+ACI-,+ACI-2+ACI-,+ACI-Canada+ACI-,+ACI-Refunded+ACI-,+ACI-Email+ACI-,+ACI-Yes+ACI-
+ACI-No+ACI-,+ACI-1982-01-04+ACI-,+ACI-customer2+ACQAQA-example.com+ACI-,+ACI-2024-02-21+ACI-,+ACI-15+ACI-,+ACI-5+ACI-,+ACI-2023-08-31+ACI-,+ACIAIwAjACM--4281+ACI-,+ACI-2023-07-14+ACI-,+ACI-Robert+ACI-,+ACI-Yes+ACI-,+ACI-Other+ACI-,+ACI-4bf69e9d-621b-454d-a4ed-108a2d8ba60b+ACI-,+ACI-2023-07-14+ACI-,+ACI-Doe+ACI-,+ACI-361+ACI-,+ACI-2+ACI-,+ACI-17193.00+ACI-,+ACI-2023-05-20+ACI-,+ACI-Married+ACI-,+ACI-440.00+ACI-,+ACI-123 Main St Apt 20, NewLine
+ACI-,+ACI-CA+ACI-,+ACI-24+ACI-,+ACI-Home Goods+ACI-,+ACI-Credit Card+ACI-,+ACI-59010.00+ACI-,+ACI-Springfield+ACI-,+ACI-4+ACI-,+ACI-63+ACI-,+ACI-Doctor+ACI-,+ACI-836+ACI-,+ACI-REF1285+ACI-,+ACI-No+ACI-,+ACI-198.00+ACI-,+ACI-29915+ACI-,+ACI-Paid Off+ACI-,+ACI-110683.00+ACI-,+ACI-6+ACI-,+ACI-1+ACI-,+ACI-No+ACI-,+ACI-Phone+ACI-,+ACI-42657+ACI-,+ACI-2023-10-23+ACI-,+ACI-No+ACI-,+ACI-Thingamajig C+//3//f/9ACI-,+ACI-86+ACI-,+ACI-UK+ACI-,+ACI-Completed+ACI-,+ACI-Mail+ACI-,+ACI-No+ACI-
+ACI-No+ACI-,+ACI-2005-12-29+ACI-,+ACI-customer21+AEA-example.com+ACI-,+ACI-2024-03-02+ACI-,+ACI-15+ACI-,+ACI-5+ACI-,+ACI-2024-02-09+ACI-,+ACIAIwAjACM--2890+ACI-,+ACI-2024-02-28+ACI-,+ACIAIg-,+ACI-No+ACI-,+ACI-Male+ACI-,+ACI-5cdcc1e8-8ad1-41a6-88f7-a81d5e80afee+ACI-,+ACI-2024-03-08+ACI-,+ACI-Davis+ACI-,+ACI-200+ACI-,+ACI-4+ACI-,+ACI-18855.00+ACI-,+ACI-2023-12-25+ACI-,+ACI-Divorced+ACI-,+ACI-477.00+ACI-,+ACI-123 Main St Apt 21, NewLine
+ACI-,+ACI-TX+ACI-,+ACI-21+ACI-,+ACI-Electronics+ACI-,+ACI-PayPal+ACI-,+ACI-31303.00+ACI-,+ACI-Gotham+ACI-,+ACI-1+ACI-,+ACI-40+ACI-,+ACI-Artist+ACI-,+ACI-455+ACI-,+ACI-REF5709+ACI-,+ACI-No+ACI-,+ACI-340.00+ACI-,+ACI-35572+ACI-,+ACI-Current+ACI-,+ACI-434232.00+ACI-,+ACI-5+ACI-,+ACI-1+ACI-,+ACI-No+ACI-,+ACI-Store+ACI-,+ACI-29316+ACI-,+ACI-2023-09-28+ACI-,+ACI-Yes+ACI-,+ACI-Widget A+ACI-,+ACI-79+ACI-,+ACI-Canada+ACI-,+ACI-Cancelled+ACI-,+ACI-Mail+ACI-,+ACI-No+ACI-
+ACI-Yes+ACI-,+ACI-2000-08-24+ACI-,+ACI-customer22+AEA-example.com+ACI-,+ACI-2023-11-03+ACI-,+ACI-61+ACI-,+ACI-2+ACI-,+ACI-2023-07-05+ACI-,+ACIAIwAjACM--1708+ACI-,+ACI-2023-10-07+ACI-,+ACI-Jane+ACI-,+ACI-No+ACI-,+ACI-Male+ACI-,+ACI-c805eb33-432f-490f-b4b5-55b9a538ffbb+ACI-,+ACI-2024-01-29+ACI-,+ACI-Davis+ACI-,+ACI-155+ACI-,+ACI-2+ACI-,+ACI-15143.00+ACI-,+ACI-2024-04-10+ACI-,+ACI-Single+ACI-,+ACI-298.00+ACI-,+ACI-123 Main St Apt 22, NewLine
+ACI-,+ACI-TX+ACI-,+ACI-72+ACI-,+ACI-Electronics+ACI-,+ACI-Credit Card+ACI-,+ACI-24823.00+ACI-,+ACIAIg-,+ACI-8+ACI-,+ACI-89+ACI-,+ACI-Teacher+ACI-,+ACI-686+ACI-,+ACI-REF6262+ACI-,+ACI-Yes+ACI-,+ACI-398.00+ACI-,+ACI-69559+ACI-,+ACI-Current+ACI-,+ACI-440074.00+ACI-,+ACI-7+ACI-,+ACI-1+ACI-,+ACI-No+ACI-,+ACI-Phone+ACI-,+ACI-29308+ACI-,+ACI-2023-11-13+ACI-,+ACI-Yes+ACI-,+ACI-Gadget, B+ACI-,+ACI-69+ACI-,+ACI-USA+ACI-,+ACI-Pending+ACI-,+ACI-Phone+ACI-,+ACI-No+ACI-
+ACI-Yes+ACI-,+ACI-1979-01-30+ACI-,+ACI-customer23+AEA-example.com+ACI-,+ACI-2023-08-18+ACI-,+ACI-28+ACI-,+ACI-8+ACI-,+ACI-2023-10-16+ACI-,+ACIAIwAjACM--17+ACM-7+ACI-,+ACI-2024-01-25+ACI-,+ACI-Mary+ACI-,+ACI-No+ACI-,+ACI-Female+ACI-,+ACI-8ffe52b4-9550-4af3-a826-7e7bebe8d03f+ACI-,+ACI-2023-12-15+ACI-,+ACI-Johnson+ACI-,+ACI-376+ACI-,+ACI-2+ACI-,+ACI-13509.00+ACI-,+ACI-2024-04-08+ACI-,+ACI-Married+ACI-,+ACI-48.00+ACI-,+ACI-123 Main St Apt 23, NewLine
+ACI-,+ACI-NY+ACI-,+ACI-31+ACI-,+ACI-Home Goods+ACI-,+ACI-Credit Card+ACI-,+ACI-73051.00+ACI-,+ACI-Springfield+ACI-,+ACI-4+ACI-,+ACI-63+ACI-,+ACI-Engineer+ACI-,+ACI-357+ACI-,+ACI-REF8061+ACI-,+ACI-No+ACI-,+ACI-402.00+ACI-,+ACI-51577+ACI-,+ACI-Paid Off+ACI-,+ACI-222310.00+ACI-,+ACI-7+ACI-,+ACI-2+ACI-,+ACI-No+ACI-,+ACI-Store+ACI-,+ACI-28730+ACI-,+ACI-2024-01-26+ACI-,+ACI-Yes+ACI-,+ACI-Gadget, B+ACI-,+ACI-29+ACI-,+ACI-USA+ACI-,+ACI-Cancelled+ACI-,+ACI-Mail+ACI-,+ACI-No+ACI-
+ACI-No+ACI-,+ACI-1989-06-23+ACI-,+ACI-customer24+AEA-example.com+ACI-,+ACI-2023-10-26+ACI-,+ACI-18+ACI-,+ACI-2+ACI-,+ACI-2024-01-07+ACI-,+ACIAIwAjACM--8239+ACI-,+ACI-2024-01-11+ACI-,+ACI-Jane+ACI-,+ACI-Yes+ACI-,+ACI-Male+ACI-,+ACI-b46b113f-528c-4022-8a3a-c5cc9ec925af+ACI-,+ACI-2023-06-24+ACI-,+ACI-Williams+ACI-,+ACI-165+ACI-,+ACI-4+ACI-,+ACI-18249.00+ACI-,+ACI-2024-03-21+ACI-,+ACI-Married+ACI-,+ACI-107.00+ACI-,+ACI-123 Main St Apt 24, NewLine
+ACI-,+ACI-TX+ACI-,+ACI-75+ACI-,+ACI-Clothing+ACI-,+ACI-PayPal+ACI-,+ACI-96478.00+ACI-,+ACI-Springfield+ACI-,+ACI-9+ACI-,+ACI-55+ACI-,+ACI-Engineer+ACI-,+ACI-447+ACI-,+ACI-REF9797+ACI-,+ACI-Yes+ACI-,+ACI-275.00+ACI-,+ACI-53911+ACI-,+ACI-Overdue+ACI-,+ACI-275154.00+ACI-,+ACI-6+ACI-,+ACI-1+ACI-,+ACI-Yes+ACI-,+ACI-Store+ACI-,+ACI-85615+ACI-,+ACI-2023-10-28+ACI-,+ACI-Yes+ACI-,+ACI-Gadget, B+ACI-,+ACI-9+ACI-,+ACI-Canada+ACI-,+ACI-Pending+ACI-,+ACI-Mail+ACI-,+ACI-Yes+ACI-
+ACI-No+ACI-,+ACI-1977-05-01+ACI-,+ACI-customer25+AEA-example.com+ACI-,+ACI-2024-02-28+ACI-,+ACI-9+ACI-,+ACI-6+ACI-,+ACI-2024-01-11+ACI-,+ACIAIwAjACM--4026+ACI-,+ACI-2023-08-12+ACI-,+ACI-John+ACI-,+ACI-Yes+ACI-,+ACI-Male+ACI-,+ACI-8f95e029-06d2-4348-a391-94563e438f2c+ACI-,+ACI-2023-07-09+ACI-,+ACI-Johnson+ACI-,+ACI-19+ACI-,+ACI-3+ACI-,+ACI-2300.00+ACI-,+ACI-2023-06-10+ACI-,+ACI-Married+ACI-,+ACI-311.00+ACI-,+ACI-123 Main St Apt 25, NewLine
+ACI-,+ACI-CA+ACI-,+ACI-69+ACI-,+ACI-Clothing+ACI-,+ACI-Credit Card+ACI-,+ACI-84619.00+ACI-,+ACIAIg-,+ACI-7+ACI-,+ACI-14+ACI-,+ACI-Teacher+ACI-,+ACI-512+ACI-,+ACI-REF4695+ACI-,+ACI-No+ACI-,+ACI-204.00+ACI-,+ACI-98098+ACI-,+ACI-Overdue+ACI-,+ACI-302720.00+ACI-,+ACI-8+ACI-,+ACI-1+ACI-,+ACI-Yes+ACI-,+ACI-Store+ACI-,+ACI-54169+ACI-,+ACI-2023-06-24+ACI-,+ACI-No+ACI-,+ACI-Widget A+ACI-,+ACI-86+ACI-,+ACI-Canada+ACI-,+ACI-Cancelled+ACI-,+ACI-Phone+ACI-,+ACI-Yes+ACI-
+ACI-No+ACI-,+ACI-1982-11-14+ACI-,+ACI-customer26+AEA-example.com+ACI-,+ACI-2023-09-09+ACI-,+ACI-77+ACI-,+ACI-6+ACI-,+ACI-2023-07-09+ACI-,+ACIAIwAjACM--8013+ACI-,+ACI-2023-12-03+ACI-,+ACI-Mary+ACI-,+ACI-Yes+ACI-,+ACI-Male+ACI-,+ACI-ab842fed-2f27-4645-bce3-db3f2f2cd36b+ACI-,+ACI-2023-11-08+ACI-,+ACI-Smith+ACI-,+ACI-328+ACI-,+ACI-4+ACI-,+ACI-17131.00+ACI-,+ACI-2024-03-29+ACI-,+ACI-Divorced+ACI-,+ACI-70.00+ACI-,+ACI-123 Main St Apt 26, NewLine
+ACI-,+ACI-TX+ACI-,+ACI-30+ACI-,+ACI-Electronics+ACI-,+ACI-Debit Card+ACI-,+ACI-100860.00+ACI-,+ACIAIg-,+ACI-4+ACI-,+ACI-10+ACI-,+ACI-Doctor+ACI-,+ACI-623+ACI-,+ACI-REF6226+ACI-,+ACI-Yes+ACI-,+ACI-146.00+ACI-,+ACI-71648+ACI-,+ACI-Overdue+ACI-,+ACI-144168.00+ACI-,+ACI-3+ACI-,+ACI-2+ACI-,+ACI-Yes+ACI-,+ACI-Phone+ACI-,+ACI-54505+ACI-,+ACI-2024-02-05+ACI-,+ACI-No+ACI-,+ACI-Widget A+ACI-,+ACI-96+ACI-,+ACI-Canada+ACI-,+ACI-Pending+ACI-,+ACI-Email+ACI-,+ACI-No+ACI-
+ACI-Yes+ACI-,+ACI-1977-07-25+ACI-,+ACI-customer27+AEA-example.com+ACI-,+ACI-2023-08-18+ACI-,+ACI-92+ACI-,+ACI-2+ACI-,+ACI-2023-05-23+ACI-,+ACIAIwAjACM--7697+ACI-,+ACI-2023-09-01+ACI-,+ACIAIg-,+ACI-No+ACI-,+ACI-Other+ACI-,+ACI-a2958102-af14-4f51-b170-9950810c0580+ACI-,+ACI-2023-07-22+ACI-,+ACI-Johnson+ACI-,+ACI-1+ACI-,+ACI-4+ACI-,+ACI-20229.00+ACI-,+ACI-2023-10-24+ACI-,+ACI-Married+ACI-,+ACI-165.00+ACI-,+ACI-123 Main St Apt 27, NewLine
+ACI-,+ACI-NY+ACI-,+ACI-43+ACI-,+ACI-Home Goods+ACI-,+ACI-PayPal+ACI-,+ACI-123381.00+ACI-,+ACIAIg-,+ACI-1+ACI-,+ACI-98+ACI-,+ACI-Doctor+ACI-,+ACI-788+ACI-,+ACI-REF2173+ACI-,+ACI-Yes+ACI-,+ACI-306.00+ACI-,+ACI-11516+ACI-,+ACI-Paid Off+ACI-,+ACI-29319.00+ACI-,+ACI-3+ACI-,+ACI-2+ACI-,+ACI-Yes+ACI-,+ACI-Phone+ACI-,+ACI-75489+ACI-,+ACI-2023-04-14+ACI-,+ACI-Yes+ACI-,+ACI-Thingamajig C+//3//f/9ACI-,+ACI-83+ACI-,+ACI-Canada+ACI-,+ACI-Refunded+ACI-,+ACI-Mail+ACI-,+ACI-Yes+ACI-
+ACI-Yes+ACI-,+ACI-1995-03-17+ACI-,+ACI-customer28+AEA-example.com+ACI-,+ACI-2023-09-06+ACI-,+ACI-48+ACI-,+ACI-2+ACI-,+ACI-2023-09-05+ACI-,+ACIAIwAjACM--8903+ACI-,+ACI-2023-07-01+ACI-,+ACI-Mary+ACI-,+ACI-Yes+ACI-,+ACI-Other+ACI-,+ACI-0a63f66b-90ae-48e8-8739-6b2a84c0ae32+ACI-,+ACI-2023-10-31+ACI-,+ACI-Smith+ACI-,+ACI-156+ACI-,+ACI-4+ACI-,+ACI-17801.00+ACI-,+ACI-2024-04-02+ACI-,+ACI-Single+ACI-,+ACI-398.00+ACI-,+ACI-123 Main St Apt 28, NewLine
+ACI-,+ACI-CA+ACI-,+ACI-31+ACI-,+ACI-Electronics+ACI-,+ACI-Debit Card+ACI-,+ACI-20556.00+ACI-,+ACIAIg-,+ACI-8+ACI-,+ACI-12+ACI-,+ACI-Doctor+ACI-,+ACI-625+ACI-,+ACI-REF3160+ACI-,+ACI-No+ACI-,+ACI-366.00+ACI-,+ACI-55644+ACI-,+ACI-Current+ACI-,+ACI-484120.00+ACI-,+ACI-1+ACI-,+ACI-3+ACI-,+ACI-No+ACI-,+ACI-Store+ACI-,+ACI-46778+ACI-,+ACI-2023-07-07+ACI-,+ACI-No+ACI-,+ACI-Gadget, B+ACI-,+ACI-7+ACI-,+ACI-USA+ACI-,+ACI-Cancelled+ACI-,+ACI-Phone+ACI-,+ACI-Yes+ACI-
+ACI-No+ACI-,+ACI-1990-07-13+ACI-,+ACI-customer29+AEA-example.com+ACI-,+ACI-2023-12-01+ACI-,+ACI-57+ACI-,+ACI-2+ACI-,+ACI-2024-03-05+ACI-,+ACIAIwAjACM--22+ACM-7+ACI-,+ACI-2024-03-16+ACI-,+ACI-Mary+ACI-,+ACI-No+ACI-,+ACI-Female+ACI-,+ACI-c58f26ca-d312-4cbd-a686-62668ce0a69a+ACI-,+ACI-2024-01-13+ACI-,+ACI-Davis+ACI-,+ACI-152+ACI-,+ACI-4+ACI-,+ACI-9111.00+ACI-,+ACI-2024-02-02+ACI-,+ACI-Married+ACI-,+ACI-396.00+ACI-,+ACI-123 Main St Apt 29, NewLine
+ACI-,+ACI-TX+ACI-,+ACI-78+ACI-,+ACI-Electronics+ACI-,+ACI-Debit Card+ACI-,+ACI-27384.00+ACI-,+ACIAIg-,+ACI-4+ACI-,+ACI-63+ACI-,+ACI-Engineer+ACI-,+ACI-595+ACI-,+ACI-REF8837+ACI-,+ACI-No+ACI-,+ACI-85.00+ACI-,+ACI-25498+ACI-,+ACI-Paid Off+ACI-,+ACI-216733.00+ACI-,+ACI-1+ACI-,+ACI-1+ACI-,+ACI-Yes+ACI-,+ACI-Store+ACI-,+ACI-59321+ACI-,+ACI-2023-07-28+ACI-,+ACI-No+ACI-,+ACI-Widget A+ACI-,+ACI-38+ACI-,+ACI-Canada+ACI-,+ACI-Cancelled+ACI-,+ACI-Email+ACI-,+ACI-No+ACI-
+ACI-Yes+ACI-,+ACI-2016-09-04+ACI-,+ACI-customer3+ACQAQA-example.com+ACI-,+ACI-2023-11-06+ACI-,+ACI-18+ACI-,+ACI-7+ACI-,+ACI-2023-04-21+ACI-,+ACIAIwAjACM--2974+ACI-,+ACI-2023-07-04+ACI-,+ACI-Mary+ACI-,+ACI-No+ACI-,+ACI-Male+ACI-,+ACI-87d9d7f6-8ac7-4b04-8e18-8417a3f1d1cb+ACI-,+ACI-2024-03-11+ACI-,+ACI-Davis+ACI-,+ACI-418+ACI-,+ACI-2+ACI-,+ACI-23119.00+ACI-,+ACI-2023-05-02+ACI-,+ACI-Divorced+ACI-,+ACI-299.00+ACI-,+ACI-123 Main St Apt 30, NewLine
+ACI-,+ACI-NY+ACI-,+ACI-56+ACI-,+ACI-Home Goods+ACI-,+ACI-PayPal+ACI-,+ACI-87764.00+ACI-,+ACIAIg-,+ACI-5+ACI-,+ACI-44+ACI-,+ACI-Teacher+ACI-,+ACI-422+ACI-,+ACI-REF1178+ACI-,+ACI-Yes+ACI-,+ACI-50.00+ACI-,+ACI-61459+ACI-,+ACI-Paid Off+ACI-,+ACI-334353.00+ACI-,+ACI-3+ACI-,+ACI-3+ACI-,+ACI-Yes+ACI-,+ACI-Store+ACI-,+ACI-45959+ACI-,+ACI-2023-09-09+ACI-,+ACI-Yes+ACI-,+ACI-Thingamajig C+//3//f/9ACI-,+ACI-85+ACI-,+ACI-USA+ACI-,+ACI-Refunded+ACI-,+ACI-Phone+ACI-,+ACI-No+ACI-
+ACI-Yes+ACI-,+ACI-1987-12-08+ACI-,+ACI-customer31+AEA-example.com+ACI-,+ACI-2024-02-01+ACI-,+ACI-47+ACI-,+ACI-8+ACI-,+ACI-2023-06-08+ACI-,+ACIAIwAjACM--8167+ACI-,+ACI-2023-06-12+ACI-,+ACIAIg-,+ACI-No+ACI-,+ACI-Other+ACI-,+ACI-4f26f709-424a-4793-abf2-e951e324b5c9+ACI-,+ACI-2023-11-19+ACI-,+ACI-Williams+ACI-,+ACI-40+ACI-,+ACI-3+ACI-,+ACI-23574.00+ACI-,+ACI-2023-11-12+ACI-,+ACI-Single+ACI-,+ACI-337.00+ACI-,+ACI-123 Main St Apt 31, NewLine
+ACI-,+ACI-CA+ACI-,+ACI-29+ACI-,+ACI-Clothing+ACI-,+ACI-Credit Card+ACI-,+ACI-52880.00+ACI-,+ACI-Riverdale+ACI-,+ACI-4+ACI-,+ACI-90+ACI-,+ACI-Doctor+ACI-,+ACI-479+ACI-,+ACI-REF2726+ACI-,+ACI-Yes+ACI-,+ACI-286.00+ACI-,+ACI-26723+ACI-,+ACI-Paid Off+ACI-,+ACI-317187.00+ACI-,+ACI-5+ACI-,+ACI-2+ACI-,+ACI-No+ACI-,+ACI-Online+ACI-,+ACI-45752+ACI-,+ACI-2023-04-26+ACI-,+ACI-Yes+ACI-,+ACI-Widget A+ACI-,+ACI-68+ACI-,+ACI-USA+ACI-,+ACI-Pending+ACI-,+ACI-Phone+ACI-,+ACI-No+ACI-
+ACI-Yes+ACI-,+ACI-2010-04-18+ACI-,+ACI-customer32+AEA-example.com+ACI-,+ACI-2023-05-02+ACI-,+ACI-13+ACI-,+ACI-6+ACI-,+ACI-2024-02-27+ACI-,+ACIAIwAjACM--1442+ACI-,+ACI-2023-08-02+ACI-,+ACI-Robert+ACI-,+ACI-No+ACI-,+ACI-Other+ACI-,+ACI-cf788a95-7727-4876-b4eb-9db92ce0aade+ACI-,+ACI-2024-01-26+ACI-,+ACI-Doe+ACI-,+ACI-33+ACI-,+ACI-2+ACI-,+ACI-11758.00+ACI-,+ACI-2024-04-04+ACI-,+ACI-Divorced+ACI-,+ACI-268.00+ACI-,+ACI-123 Main St Apt 32, NewLine
+ACI-,+ACI-NY+ACI-,+ACI-74+ACI-,+ACI-Clothing+ACI-,+ACI-Debit Card+ACI-,+ACI-70087.00+ACI-,+ACIAIg-,+ACI-8+ACI-,+ACI-41+ACI-,+ACI-Teacher+ACI-,+ACI-705+ACI-,+ACI-REF7234+ACI-,+ACI-No+ACI-,+ACI-459.00+ACI-,+ACI-61352+ACI-,+ACI-Current+ACI-,+ACI-298989.00+ACI-,+ACI-0+ACI-,+ACI-3+ACI-,+ACI-No+ACI-,+ACI-Phone+ACI-,+ACI-80523+ACI-,+ACI-2023-10-12+ACI-,+ACI-No+ACI-,+ACI-Gadget, B+ACI-,+ACI-15+ACI-,+ACI-USA+ACI-,+ACI-Cancelled+ACI-,+ACI-Phone+ACI-,+ACI-No+ACI-
+ACI-No+ACI-,+ACI-2005-12-15+ACI-,+ACI-customer33+AEA-example.com+ACI-,+ACI-2024-01-15+ACI-,+ACI-79+ACI-,+ACI-8+ACI-,+ACI-2024-01-04+ACI-,+ACIAIwAjACM--872+ACMAIg-,+ACI-2023-11-02+ACI-,+ACI-John+ACI-,+ACI-No+ACI-,+ACI-Other+ACI-,+ACI-1b7e6a22-7de7-4c9a-b8cf-b693a1ef8a7b+ACI-,+ACI-2023-07-31+ACI-,+ACI-Smith+ACI-,+ACI-312+ACI-,+ACI-2+ACI-,+ACI-1859.00+ACI-,+ACI-2024-01-14+ACI-,+ACI-Divorced+ACI-,+ACI-326.00+ACI-,+ACI-123 Main St Apt 33, NewLine
+ACI-,+ACI-CA+ACI-,+ACI-64+ACI-,+ACI-Electronics+ACI-,+ACI-Wire Transfer+ACI-,+ACI-79757.00+ACI-,+ACI-Riverdale+ACI-,+ACI-0+ACI-,+ACI-73+ACI-,+ACI-Artist+ACI-,+ACI-472+ACI-,+ACI-REF1978+ACI-,+ACI-No+ACI-,+ACI-78.00+ACI-,+ACI-12224+ACI-,+ACI-Current+ACI-,+ACI-404886.00+ACI-,+ACI-9+ACI-,+ACI-1+ACI-,+ACI-Yes+ACI-,+ACI-Store+ACI-,+ACI-60112+ACI-,+ACI-2023-10-18+ACI-,+ACI-No+ACI-,+ACI-Thingamajig C+//3//f/9ACI-,+ACI-36+ACI-,+ACI-USA+ACI-,+ACI-Pending+ACI-,+ACI-Mail+ACI-,+ACI-Yes+ACI-
+ACI-Yes+ACI-,+ACI-2023-03-06+ACI-,+ACI-customer34+AEA-example.com+ACI-,+ACI-2023-07-14+ACI-,+ACI-71+ACI-,+ACI-5+ACI-,+ACI-2023-07-05+ACI-,+ACIAIwAjACM--612+ACMAIg-,+ACI-2023-06-11+ACI-,+ACIAIg-,+ACI-No+ACI-,+ACI-Other+ACI-,+ACI-05951c65-b02d-4e7f-81cf-751712ba21d8+ACI-,+ACI-2023-07-01+ACI-,+ACI-Johnson+ACI-,+ACI-0+ACI-,+ACI-2+ACI-,+ACI-12641.00+ACI-,+ACI-2023-12-04+ACI-,+ACI-Single+ACI-,+ACI-214.00+ACI-,+ACI-123 Main St Apt 34, NewLine
+ACI-,+ACI-NY+ACI-,+ACI-21+ACI-,+ACI-Home Goods+ACI-,+ACI-Wire Transfer+ACI-,+ACI-91120.00+ACI-,+ACIAIg-,+ACI-1+ACI-,+ACI-63+ACI-,+ACI-Lawyer+ACI-,+ACI-544+ACI-,+ACI-REF6572+ACI-,+ACI-Yes+ACI-,+ACI-209.00+ACI-,+ACI-63402+ACI-,+ACI-Paid Off+ACI-,+ACI-476798.00+ACI-,+ACI-7+ACI-,+ACI-1+ACI-,+ACI-Yes+ACI-,+ACI-Store+ACI-,+ACI-58149+ACI-,+ACI-2023-10-21+ACI-,+ACI-Yes+ACI-,+ACI-Gadget, B+ACI-,+ACI-92+ACI-,+ACI-Canada+ACI-,+ACI-Cancelled+ACI-,+ACI-Phone+ACI-,+ACI-No+ACI-
+ACI-Yes+ACI-,+ACI-1992-10-06+ACI-,+ACI-customer35+AEA-example.com+ACI-,+ACI-2023-12-10+ACI-,+ACI-33+ACI-,+ACI-1+ACI-,+ACI-2023-04-17+ACI-,+ACIAIwAjACM--9029+ACI-,+ACI-2023-11-15+ACI-,+ACI-Linda+ACI-,+ACI-Yes+ACI-,+ACI-Male+ACI-,+ACI-9dd1bf50-ff2a-4087-8df7-9c19c7d6572d+ACI-,+ACI-2024-02-05+ACI-,+ACI-Doe+ACI-,+ACI-199+ACI-,+ACI-4+ACI-,+ACI-8903.00+ACI-,+ACI-2023-05-19+ACI-,+ACI-Divorced+ACI-,+ACI-302.00+ACI-,+ACI-123 Main St Apt 35, NewLine
+ACI-,+ACI-CA+ACI-,+ACI-30+ACI-,+ACI-Clothing+ACI-,+ACI-Wire Transfer+ACI-,+ACI-112769.00+ACI-,+ACI-Springfield+ACI-,+ACI-0+ACI-,+ACI-6+ACI-,+ACI-Engineer+ACI-,+ACI-602+ACI-,+ACI-REF4505+ACI-,+ACI-Yes+ACI-,+ACI-200.00+ACI-,+ACI-44809+ACI-,+ACI-Overdue+ACI-,+ACI-46818.00+ACI-,+ACI-3+ACI-,+ACI-1+ACI-,+ACI-No+ACI-,+ACI-Online+ACI-,+ACI-78706+ACI-,+ACI-2024-01-07+ACI-,+ACI-No+ACI-,+ACI-Widget A+ACI-,+ACI-26+ACI-,+ACI-UK+ACI-,+ACI-Refunded+ACI-,+ACI-Mail+ACI-,+ACI-Yes+ACI-
+ACI-No+ACI-,+ACI-2008-09-26+ACI-,+ACI-customer36+AEA-example.com+ACI-,+ACI-2024-01-24+ACI-,+ACI-27+ACI-,+ACI-6+ACI-,+ACI-2024-03-08+ACI-,+ACIAIwAjACM--1399+ACI-,+ACI-2023-04-29+ACI-,+ACI-Mary+ACI-,+ACI-No+ACI-,+ACI-Other+ACI-,+ACI-8042b7ee-22e0-492f-b33c-e646e1ac6004+ACI-,+ACI-2024-02-25+ACI-,+ACI-Johnson+ACI-,+ACI-70+ACI-,+ACI-3+ACI-,+ACI-23648.00+ACI-,+ACI-2023-04-30+ACI-,+ACI-Single+ACI-,+ACI-106.00+ACI-,+ACI-123 Main St Apt 36, NewLine
+ACI-,+ACI-NY+ACI-,+ACI-29+ACI-,+ACI-Clothing+ACI-,+ACI-Credit Card+ACI-,+ACI-95232.00+ACI-,+ACI-Riverdale+ACI-,+ACI-5+ACI-,+ACI-88+ACI-,+ACI-Doctor+ACI-,+ACI-741+ACI-,+ACI-REF1906+ACI-,+ACI-Yes+ACI-,+ACI-380.00+ACI-,+ACI-55331+ACI-,+ACI-Current+ACI-,+ACI-483194.00+ACI-,+ACI-1+ACI-,+ACI-4+ACI-,+ACI-No+ACI-,+ACI-Phone+ACI-,+ACI-32152+ACI-,+ACI-2023-07-03+ACI-,+ACI-Yes+ACI-,+ACI-Gadget, B+ACI-,+ACI-82+ACI-,+ACI-Canada+ACI-,+ACI-Cancelled+ACI-,+ACI-Mail+ACI-,+ACI-No+ACI-
+ACI-No+ACI-,+ACI-2017-03-08+ACI-,+ACI-customer37+AEA-example.com+ACI-,+ACI-2023-11-04+ACI-,+ACI-82+ACI-,+ACI-2+ACI-,+ACI-2023-05-20+ACI-,+ACIAIwAjACM--996+ACMAIg-,+ACI-2023-08-26+ACI-,+ACIAIg-,+ACI-Yes+ACI-,+ACI-Other+ACI-,+ACI-4fa4cf65-f1f1-48fe-923b-4183320cb735+ACI-,+ACI-2023-08-15+ACI-,+ACI-Williams+ACI-,+ACI-289+ACI-,+ACI-2+ACI-,+ACI-5258.00+ACI-,+ACI-2023-05-03+ACI-,+ACI-Single+ACI-,+ACI-268.00+ACI-,+ACI-123 Main St Apt 37, NewLine
+ACI-,+ACI-TX+ACI-,+ACI-47+ACI-,+ACI-Home Goods+ACI-,+ACI-Wire Transfer+ACI-,+ACI-26967.00+ACI-,+ACIAIg-,+ACI-1+ACI-,+ACI-95+ACI-,+ACI-Teacher+ACI-,+ACI-476+ACI-,+ACI-REF9997+ACI-,+ACI-Yes+ACI-,+ACI-214.00+ACI-,+ACI-90336+ACI-,+ACI-Current+ACI-,+ACI-326088.00+ACI-,+ACI-0+ACI-,+ACI-1+ACI-,+ACI-Yes+ACI-,+ACI-Online+ACI-,+ACI-79988+ACI-,+ACI-2023-05-06+ACI-,+ACI-Yes+ACI-,+ACI-Widget A+ACI-,+ACI-94+ACI-,+ACI-Canada+ACI-,+ACI-Cancelled+ACI-,+ACI-Phone+ACI-,+ACI-No+ACI-
+ACI-No+ACI-,+ACI-1998-01-02+ACI-,+ACI-customer38+AEA-example.com+ACI-,+ACI-2024-01-05+ACI-,+ACI-27+ACI-,+ACI-3+ACI-,+ACI-2023-09-14+ACI-,+ACIAIwAjACM--171+ACMAIg-,+ACI-2023-07-24+ACI-,+ACIAIg-,+ACI-Yes+ACI-,+ACI-Female+ACI-,+ACI-df6704a1-0fd5-497c-80c8-b1da1cbd0c9e+ACI-,+ACI-2023-11-17+ACI-,+ACI-Johnson+ACI-,+ACI-103+ACI-,+ACI-1+ACI-,+ACI-20778.00+ACI-,+ACI-2023-09-01+ACI-,+ACI-Divorced+ACI-,+ACI-267.00+ACI-,+ACI-123 Main St Apt 38, NewLine
+ACI-,+ACI-NY+ACI-,+ACI-58+ACI-,+ACI-Home Goods+ACI-,+ACI-Credit Card+ACI-,+ACI-93350.00+ACI-,+ACIAIg-,+ACI-7+ACI-,+ACI-3+ACI-,+ACI-Teacher+ACI-,+ACI-410+ACI-,+ACI-REF6638+ACI-,+ACI-No+ACI-,+ACI-143.00+ACI-,+ACI-93049+ACI-,+ACI-Paid Off+ACI-,+ACI-330458.00+ACI-,+ACI-8+ACI-,+ACI-2+ACI-,+ACI-No+ACI-,+ACI-Online+ACI-,+ACI-12673+ACI-,+ACI-2024-02-24+ACI-,+ACI-No+ACI-,+ACI-Widget A+ACI-,+ACI-47+ACI-,+ACI-Canada+ACI-,+ACI-Completed+ACI-,+ACI-Email+ACI-,+ACI-No+ACI-
+ACI-No+ACI-,+ACI-2016-02-07+ACI-,+ACI-customer39+AEA-example.com+ACI-,+ACI-2023-06-15+ACI-,+ACI-29+ACI-,+ACI-1+ACI-,+ACI-2024-03-03+ACI-,+ACIAIwAjACM--39+ACM-3+ACI-,+ACI-2023-07-10+ACI-,+ACI-Linda+ACI-,+ACI-No+ACI-,+ACI-Female+ACI-,+ACI-126bfe45-e799-4fac-9ae6-12f66e9197e5+ACI-,+ACI-2023-08-08+ACI-,+ACI-Davis+ACI-,+ACI-417+ACI-,+ACI-2+ACI-,+ACI-5999.00+ACI-,+ACI-2024-02-01+ACI-,+ACI-Divorced+ACI-,+ACI-163.00+ACI-,+ACI-123 Main St Apt 39, NewLine
+ACI-,+ACI-CA+ACI-,+ACI-60+ACI-,+ACI-Clothing+ACI-,+ACI-Wire Transfer+ACI-,+ACI-54809.00+ACI-,+ACI-Riverdale+ACI-,+ACI-4+ACI-,+ACI-40+ACI-,+ACI-Doctor+ACI-,+ACI-546+ACI-,+ACI-REF1054+ACI-,+ACI-Yes+ACI-,+ACI-470.00+ACI-,+ACI-77992+ACI-,+ACI-Current+ACI-,+ACI-48316.00+ACI-,+ACI-0+ACI-,+ACI-4+ACI-,+ACI-No+ACI-,+ACI-Online+ACI-,+ACI-69972+ACI-,+ACI-2024-01-02+ACI-,+ACI-No+ACI-,+ACI-Thingamajig C+//3//f/9ACI-,+ACI-36+ACI-,+ACI-UK+ACI-,+ACI-Refunded+ACI-,+ACI-Phone+ACI-,+ACI-No+ACI-
+ACI-Yes+ACI-,+ACI-1996-07-09+ACI-,+ACI-customer4+ACQAQA-example.com+ACI-,+ACI-2023-11-13+ACI-,+ACI-38+ACI-,+ACI-2+ACI-,+ACI-2024-03-07+ACI-,+ACIAIwAjACM--9371+ACI-,+ACI-2023-11-04+ACI-,+ACIAIg-,+ACI-No+ACI-,+ACI-Other+ACI-,+ACI-cd32c880-fd02-4067-815e-4f2a8d6b1f04+ACI-,+ACI-2024-04-05+ACI-,+ACI-Williams+ACI-,+ACI-117+ACI-,+ACI-4+ACI-,+ACI-15145.00+ACI-,+ACI-2024-03-16+ACI-,+ACI-Married+ACI-,+ACI-234.00+ACI-,+ACI-123 Main St Apt 40, NewLine
+ACI-,+ACI-TX+ACI-,+ACI-67+ACI-,+ACI-Home Goods+ACI-,+ACI-Wire Transfer+ACI-,+ACI-119275.00+ACI-,+ACI-Riverdale+ACI-,+ACI-1+ACI-,+ACI-96+ACI-,+ACI-Engineer+ACI-,+ACI-480+ACI-,+ACI-REF5377+ACI-,+ACI-Yes+ACI-,+ACI-200.00+ACI-,+ACI-49691+ACI-,+ACI-Paid Off+ACI-,+ACI-308567.00+ACI-,+ACI-9+ACI-,+ACI-2+ACI-,+ACI-No+ACI-,+ACI-Phone+ACI-,+ACI-92725+ACI-,+ACI-2024-03-05+ACI-,+ACI-Yes+ACI-,+ACI-Thingamajig C+//3//f/9ACI-,+ACI-1+ACI-,+ACI-UK+ACI-,+ACI-Completed+ACI-,+ACI-Phone+ACI-,+ACI-Yes+ACI-
+ACI-No+ACI-,+ACI-1983-01-06+ACI-,+ACI-customer41+AEA-example.com+ACI-,+ACI-2023-11-10+ACI-,+ACI-76+ACI-,+ACI-7+ACI-,+ACI-2024-02-03+ACI-,+ACIAIwAjACM--+ACM-373+ACI-,+ACI-2023-06-14+ACI-,+ACI-Jane+ACI-,+ACI-Yes+ACI-,+ACI-Other+ACI-,+ACI-56adc869-cf23-4a91-b1a3-029a9451e012+ACI-,+ACI-2024-01-28+ACI-,+ACI-Davis+ACI-,+ACI-450+ACI-,+ACI-1+ACI-,+ACI-2783.00+ACI-,+ACI-2024-01-04+ACI-,+ACI-Single+ACI-,+ACI-207.00+ACI-,+ACI-123 Main St Apt 41, NewLine
+ACI-,+ACI-CA+ACI-,+ACI-69+ACI-,+ACI-Clothing+ACI-,+ACI-PayPal+ACI-,+ACI-41134.00+ACI-,+ACI-Springfield+ACI-,+ACI-4+ACI-,+ACI-64+ACI-,+ACI-Lawyer+ACI-,+ACI-339+ACI-,+ACI-REF4204+ACI-,+ACI-No+ACI-,+ACI-116.00+ACI-,+ACI-60146+ACI-,+ACI-Current+ACI-,+ACI-436445.00+ACI-,+ACI-6+ACI-,+ACI-4+ACI-,+ACI-Yes+ACI-,+ACI-Phone+ACI-,+ACI-88978+ACI-,+ACI-2023-09-13+ACI-,+ACI-No+ACI-,+ACI-Widget A+ACI-,+ACI-15+ACI-,+ACI-USA+ACI-,+ACI-Refunded+ACI-,+ACI-Phone+ACI-,+ACI-Yes+ACI-
+ACI-Yes+ACI-,+ACI-1986-03-23+ACI-,+ACI-customer42+AEA-example.com+ACI-,+ACI-2023-10-30+ACI-,+ACI-42+ACI-,+ACI-5+ACI-,+ACI-2023-07-02+ACI-,+ACIAIwAjACM--3406+ACI-,+ACI-2024-01-18+ACI-,+ACIAIg-,+ACI-No+ACI-,+ACI-Female+ACI-,+ACI-f2646d35-c629-4d79-88a9-0c1d04950aeb+ACI-,+ACI-2024-03-09+ACI-,+ACI-Davis+ACI-,+ACI-479+ACI-,+ACI-1+ACI-,+ACI-15861.00+ACI-,+ACI-2023-05-15+ACI-,+ACI-Divorced+ACI-,+ACI-42.00+ACI-,+ACI-123 Main St Apt 42, NewLine
+ACI-,+ACI-TX+ACI-,+ACI-78+ACI-,+ACI-Clothing+ACI-,+ACI-Credit Card+ACI-,+ACI-37909.00+ACI-,+ACIAIg-,+ACI-8+ACI-,+ACI-92+ACI-,+ACI-Engineer+ACI-,+ACI-457+ACI-,+ACI-REF2932+ACI-,+ACI-No+ACI-,+ACI-359.00+ACI-,+ACI-75599+ACI-,+ACI-Paid Off+ACI-,+ACI-276445.00+ACI-,+ACI-5+ACI-,+ACI-4+ACI-,+ACI-Yes+ACI-,+ACI-Phone+ACI-,+ACI-38557+ACI-,+ACI-2024-04-02+ACI-,+ACI-Yes+ACI-,+ACI-Widget A+ACI-,+ACI-34+ACI-,+ACI-USA+ACI-,+ACI-Cancelled+ACI-,+ACI-Mail+ACI-,+ACI-No+ACI-
+ACI-Yes+ACI-,+ACI-2010-09-05+ACI-,+ACI-customer43+AEA-example.com+ACI-,+ACI-2023-12-20+ACI-,+ACI-96+ACI-,+ACI-5+ACI-,+ACI-2024-04-05+ACI-,+ACIAIwAjACM--8328+ACI-,+ACI-2023-08-09+ACI-,+ACIAIg-,+ACI-Yes+ACI-,+ACI-Female+ACI-,+ACI-b2b64681-044b-4bde-b31c-90318099e907+ACI-,+ACI-2023-08-04+ACI-,+ACI-Williams+ACI-,+ACI-65+ACI-,+ACI-3+ACI-,+ACI-5791.00+ACI-,+ACI-2023-07-23+ACI-,+ACI-Single+ACI-,+ACI-69.00+ACI-,+ACI-123 Main St Apt 43, NewLine
+ACI-,+ACI-CA+ACI-,+ACI-79+ACI-,+ACI-Electronics+ACI-,+ACI-Credit Card+ACI-,+ACI-28747.00+ACI-,+ACIAIg-,+ACI-3+ACI-,+ACI-7+ACI-,+ACI-Doctor+ACI-,+ACI-421+ACI-,+ACI-REF8013+ACI-,+ACI-Yes+ACI-,+ACI-402.00+ACI-,+ACI-93178+ACI-,+ACI-Paid Off+ACI-,+ACI-87774.00+ACI-,+ACI-9+ACI-,+ACI-1+ACI-,+ACI-Yes+ACI-,+ACI-Online+ACI-,+ACI-79943+ACI-,+ACI-2024-01-16+ACI-,+ACI-No+ACI-,+ACI-Thingamajig C+//3//f/9ACI-,+ACI-32+ACI-,+ACI-Canada+ACI-,+ACI-Completed+ACI-,+ACI-Phone+ACI-,+ACI-No+ACI-
+ACI-No+ACI-,+ACI-1992-08-24+ACI-,+ACI-customer44+AEA-example.com+ACI-,+ACI-2023-08-26+ACI-,+ACI-25+ACI-,+ACI-9+ACI-,+ACI-2024-01-06+ACI-,+ACIAIwAjACM--86+ACM-8+ACI-,+ACI-2023-10-13+ACI-,+ACIAIg-,+ACI-No+ACI-,+ACI-Male+ACI-,+ACI-5483929b-1e41-4a6a-98d3-b5216596ef6a+ACI-,+ACI-2024-03-19+ACI-,+ACI-Doe+ACI-,+ACI-26+ACI-,+ACI-3+ACI-,+ACI-5174.00+ACI-,+ACI-2023-12-27+ACI-,+ACI-Single+ACI-,+ACI-259.00+ACI-,+ACI-123 Main St Apt 44, NewLine
+ACI-,+ACI-TX+ACI-,+ACI-58+ACI-,+ACI-Home Goods+ACI-,+ACI-Debit Card+ACI-,+ACI-69287.00+ACI-,+ACI-Gotham+ACI-,+ACI-0+ACI-,+ACI-50+ACI-,+ACI-Artist+ACI-,+ACI-599+ACI-,+ACI-REF4554+ACI-,+ACI-Yes+ACI-,+ACI-406.00+ACI-,+ACI-65769+ACI-,+ACI-Paid Off+ACI-,+ACI-416200.00+ACI-,+ACI-0+ACI-,+ACI-2+ACI-,+ACI-No+ACI-,+ACI-Phone+ACI-,+ACI-74552+ACI-,+ACI-2024-03-17+ACI-,+ACI-Yes+ACI-,+ACI-Thingamajig C+//3//f/9ACI-,+ACI-14+ACI-,+ACI-Canada+ACI-,+ACI-Completed+ACI-,+ACI-Phone+ACI-,+ACI-No+ACI-
+ACI-Yes+ACI-,+ACI-1982-08-16+ACI-,+ACI-customer45+AEA-example.com+ACI-,+ACI-2023-06-21+ACI-,+ACI-95+ACI-,+ACI-1+ACI-,+ACI-2023-06-06+ACI-,+ACIAIwAjACM--3119+ACI-,+ACI-2023-12-30+ACI-,+ACI-John+ACI-,+ACI-No+ACI-,+ACI-Other+ACI-,+ACI-229a6387-90ed-43f7-be5a-7a799b0a90b6+ACI-,+ACI-2023-05-25+ACI-,+ACI-Doe+ACI-,+ACI-32+ACI-,+ACI-1+ACI-,+ACI-23597.00+ACI-,+ACI-2024-03-23+ACI-,+ACI-Married+ACI-,+ACI-142.00+ACI-,+ACI-123 Main St Apt 45, NewLine
+ACI-,+ACI-NY+ACI-,+ACI-65+ACI-,+ACI-Clothing+ACI-,+ACI-Wire Transfer+ACI-,+ACI-88232.00+ACI-,+ACIAIg-,+ACI-5+ACI-,+ACI-88+ACI-,+ACI-Teacher+ACI-,+ACI-370+ACI-,+ACI-REF6814+ACI-,+ACI-Yes+ACI-,+ACI-171.00+ACI-,+ACI-12317+ACI-,+ACI-Overdue+ACI-,+ACI-13740.00+ACI-,+ACI-6+ACI-,+ACI-4+ACI-,+ACI-Yes+ACI-,+ACI-Online+ACI-,+ACI-15319+ACI-,+ACI-2024-01-23+ACI-,+ACI-Yes+ACI-,+ACI-Gadget, B+ACI-,+ACI-31+ACI-,+ACI-UK+ACI-,+ACI-Completed+ACI-,+ACI-Phone+ACI-,+ACI-Yes+ACI-
+ACI-No+ACI-,+ACI-2020-08-22+ACI-,+ACI-customer46+AEA-example.com+ACI-,+ACI-2023-09-03+ACI-,+ACI-5+ACI-,+ACI-9+ACI-,+ACI-2023-05-03+ACI-,+ACIAIwAjACM--+ACM-847+ACI-,+ACI-2023-05-14+ACI-,+ACI-Robert+ACI-,+ACI-No+ACI-,+ACI-Other+ACI-,+ACI-ef50f590-5d2a-444b-96a8-733d101e3f32+ACI-,+ACI-2024-01-24+ACI-,+ACI-Johnson+ACI-,+ACI-81+ACI-,+ACI-4+ACI-,+ACI-4929.00+ACI-,+ACI-2023-12-20+ACI-,+ACI-Single+ACI-,+ACI-94.00+ACI-,+ACI-123 Main St Apt 46, NewLine
+ACI-,+ACI-CA+ACI-,+ACI-56+ACI-,+ACI-Clothing+ACI-,+ACI-Debit Card+ACI-,+ACI-117663.00+ACI-,+ACIAIg-,+ACI-6+ACI-,+ACI-64+ACI-,+ACI-Teacher+ACI-,+ACI-688+ACI-,+ACI-REF7615+ACI-,+ACI-Yes+ACI-,+ACI-452.00+ACI-,+ACI-25168+ACI-,+ACI-Paid Off+ACI-,+ACI-172925.00+ACI-,+ACI-6+ACI-,+ACI-4+ACI-,+ACI-No+ACI-,+ACI-Online+ACI-,+ACI-78039+ACI-,+ACI-2023-09-13+ACI-,+ACI-Yes+ACI-,+ACI-Thingamajig C+//3//f/9ACI-,+ACI-86+ACI-,+ACI-UK+ACI-,+ACI-Pending+ACI-,+ACI-Email+ACI-,+ACI-Yes+ACI-
+ACI-No+ACI-,+ACI-2011-04-25+ACI-,+ACI-customer47+AEA-example.com+ACI-,+ACI-2024-02-03+ACI-,+ACI-73+ACI-,+ACI-5+ACI-,+ACI-2023-11-29+ACI-,+ACIAIwAjACM--6022+ACI-,+ACI-2024-03-25+ACI-,+ACIAIg-,+ACI-Yes+ACI-,+ACI-Male+ACI-,+ACI-522f2592-fd2f-4731-99b8-1bd667450a6b+ACI-,+ACI-2024-01-01+ACI-,+ACI-Smith+ACI-,+ACI-60+ACI-,+ACI-4+ACI-,+ACI-7072.00+ACI-,+ACI-2023-06-27+ACI-,+ACI-Single+ACI-,+ACI-350.00+ACI-,+ACI-123 Main St Apt 47, NewLine
+ACI-,+ACI-TX+ACI-,+ACI-76+ACI-,+ACI-Electronics+ACI-,+ACI-Credit Card+ACI-,+ACI-63898.00+ACI-,+ACIAIg-,+ACI-0+ACI-,+ACI-56+ACI-,+ACI-Teacher+ACI-,+ACI-499+ACI-,+ACI-REF2376+ACI-,+ACI-Yes+ACI-,+ACI-44.00+ACI-,+ACI-32092+ACI-,+ACI-Overdue+ACI-,+ACI-296268.00+ACI-,+ACI-3+ACI-,+ACI-2+ACI-,+ACI-No+ACI-,+ACI-Online+ACI-,+ACI-50542+ACI-,+ACI-2023-08-04+ACI-,+ACI-Yes+ACI-,+ACI-Gadget, B+ACI-,+ACI-88+ACI-,+ACI-UK+ACI-,+ACI-Refunded+ACI-,+ACI-Mail+ACI-,+ACI-No+ACI-
+ACI-No+ACI-,+ACI-1975-04-21+ACI-,+ACI-customer48+AEA-example.com+ACI-,+ACI-2023-11-23+ACI-,+ACI-21+ACI-,+ACI-4+ACI-,+ACI-2023-09-11+ACI-,+ACIAIwAjACM--1844+ACI-,+ACI-2023-11-29+ACI-,+ACIAIg-,+ACI-No+ACI-,+ACI-Other+ACI-,+ACI-69b901e0-c07f-4519-99fd-a1ccec85b495+ACI-,+ACI-2023-11-09+ACI-,+ACI-Davis+ACI-,+ACI-299+ACI-,+ACI-3+ACI-,+ACI-16748.00+ACI-,+ACI-2023-07-22+ACI-,+ACI-Married+ACI-,+ACI-455.00+ACI-,+ACI-123 Main St Apt 48, NewLine
+ACI-,+ACI-NY+ACI-,+ACI-35+ACI-,+ACI-Electronics+ACI-,+ACI-Wire Transfer+ACI-,+ACI-69830.00+ACI-,+ACIAIg-,+ACI-5+ACI-,+ACI-70+ACI-,+ACI-Artist+ACI-,+ACI-468+ACI-,+ACI-REF5267+ACI-,+ACI-No+ACI-,+ACI-122.00+ACI-,+ACI-38379+ACI-,+ACI-Paid Off+ACI-,+ACI-101323.00+ACI-,+ACI-9+ACI-,+ACI-2+ACI-,+ACI-Yes+ACI-,+ACI-Store+ACI-,+ACI-15179+ACI-,+ACI-2023-12-29+ACI-,+ACI-No+ACI-,+ACI-Widget A+ACI-,+ACI-95+ACI-,+ACI-UK+ACI-,+ACI-Pending+ACI-,+ACI-Phone+ACI-,+ACI-No+ACI-
+ACI-No+ACI-,+ACI-2008-10-24+ACI-,+ACI-customer49+AEA-example.com+ACI-,+ACI-2024-02-22+ACI-,+ACI-74+ACI-,+ACI-4+ACI-,+ACI-2023-11-08+ACI-,+ACIAIwAjACM--4420+ACI-,+ACI-2023-05-09+ACI-,+ACIAIg-,+ACI-No+ACI-,+ACI-Male+ACI-,+ACI-3dceb996-464e-437b-856c-390d834eb5fc+ACI-,+ACI-2024-02-01+ACI-,+ACI-Davis+ACI-,+ACI-354+ACI-,+ACI-3+ACI-,+ACI-14856.00+ACI-,+ACI-2023-07-19+ACI-,+ACI-Divorced+ACI-,+ACI-100.00+ACI-,+ACI-123 Main St Apt 49, NewLine
+ACI-,+ACI-CA+ACI-,+ACI-21+ACI-,+ACI-Home Goods+ACI-,+ACI-Credit Card+ACI-,+ACI-58216.00+ACI-,+ACIAIg-,+ACI-4+ACI-,+ACI-34+ACI-,+ACI-Lawyer+ACI-,+ACI-675+ACI-,+ACI-REF4905+ACI-,+ACI-Yes+ACI-,+ACI-492.00+ACI-,+ACI-59848+ACI-,+ACI-Paid Off+ACI-,+ACI-35311.00+ACI-,+ACI-0+ACI-,+ACI-3+ACI-,+ACI-Yes+ACI-,+ACI-Store+ACI-,+ACI-74603+ACI-,+ACI-2024-02-26+ACI-,+ACI-No+ACI-,+ACI-Gadget, B+ACI-,+ACI-15+ACI-,+ACI-Canada+ACI-,+ACI-Cancelled+ACI-,+ACI-Phone+ACI-,+ACI-No+ACI-
+ACI-Yes+ACI-,+ACI-1994-11-21+ACI-,+ACI-customer5+ACQAQA-example.com+ACI-,+ACI-2023-08-24+ACI-,+ACI-85+ACI-,+ACI-1+ACI-,+ACI-2024-02-18+ACI-,+ACIAIwAjACM--696+ACMAIg-,+ACI-2024-03-20+ACI-,+ACIAIg-,+ACI-Yes+ACI-,+ACI-Male+ACI-,+ACI-65837155-9b89-4a77-b0b0-276e395c435c+ACI-,+ACI-2024-04-09+ACI-,+ACI-Doe+ACI-,+ACI-30+ACI-,+ACI-3+ACI-,+ACI-7871.00+ACI-,+ACI-2023-07-08+ACI-,+ACI-Single+ACI-,+ACI-48.00+ACI-,+ACI-123 Main St Apt 50, NewLine
+ACI-,+ACI-TX+ACI-,+ACI-18+ACI-,+ACI-Clothing+ACI-,+ACI-PayPal+ACI-,+ACI-106095.00+ACI-,+ACI-Springfield+ACI-,+ACI-8+ACI-,+ACI-26+ACI-,+ACI-Lawyer+ACI-,+ACI-328+ACI-,+ACI-REF3597+ACI-,+ACI-Yes+ACI-,+ACI-376.00+ACI-,+ACI-33704+ACI-,+ACI-Overdue+ACI-,+ACI-28763.00+ACI-,+ACI-0+ACI-,+ACI-1+ACI-,+ACI-No+ACI-,+ACI-Phone+ACI-,+ACI-78488+ACI-,+ACI-2023-11-16+ACI-,+ACI-Yes+ACI-,+ACI-Thingamajig C+//3//f/9ACI-,+ACI-63+ACI-,+ACI-Canada+ACI-,+ACI-Pending+ACI-,+ACI-Mail+ACI-,+ACI-No+ACI-
+ACI-Yes+ACI-,+ACI-1985-03-12+ACI-,+ACI-customer51+AEA-example.com+ACI-,+ACI-2024-01-15+ACI-,+ACI-43+ACI-,+ACI-4+ACI-,+ACI-2023-05-19+ACI-,+ACIAIwAjACM--1818+ACI-,+ACI-2024-04-02+ACI-,+ACIAIg-,+ACI-No+ACI-,+ACI-Female+ACI-,+ACI-84a42ad1-a0e6-4532-bde1-8dbc06eb10ce+ACI-,+ACI-2023-04-19+ACI-,+ACI-Doe+ACI-,+ACI-144+ACI-,+ACI-3+ACI-,+ACI-8518.00+ACI-,+ACI-2023-06-26+ACI-,+ACI-Divorced+ACI-,+ACI-294.00+ACI-,+ACI-123 Main St Apt 51, NewLine
+ACI-,+ACI-NY+ACI-,+ACI-76+ACI-,+ACI-Clothing+ACI-,+ACI-PayPal+ACI-,+ACI-25724.00+ACI-,+ACIAIg-,+ACI-5+ACI-,+ACI-74+ACI-,+ACI-Engineer+ACI-,+ACI-554+ACI-,+ACI-REF2045+ACI-,+ACI-Yes+ACI-,+ACI-271.00+ACI-,+ACI-21369+ACI-,+ACI-Current+ACI-,+ACI-123656.00+ACI-,+ACI-5+ACI-,+ACI-3+ACI-,+ACI-No+ACI-,+ACI-Phone+ACI-,+ACI-30147+ACI-,+ACI-2023-05-05+ACI-,+ACI-Yes+ACI-,+ACI-Widget A+ACI-,+ACI-26+ACI-,+ACI-Canada+ACI-,+ACI-Refunded+ACI-,+ACI-Phone+ACI-,+ACI-Yes+ACI-
+ACI-Yes+ACI-,+ACI-1984-07-05+ACI-,+ACI-customer52+AEA-example.com+ACI-,+ACI-2023-06-22+ACI-,+ACI-26+ACI-,+ACI-2+ACI-,+ACI-2023-10-21+ACI-,+ACIAIwAjACM--6164+ACI-,+ACI-2023-10-23+ACI-,+ACI-Jane+ACI-,+ACI-No+ACI-,+ACI-Other+ACI-,+ACI-e46149e5-3520-4d31-82bc-69c2a70019f7+ACI-,+ACI-2023-09-20+ACI-,+ACI-Johnson+ACI-,+ACI-249+ACI-,+ACI-2+ACI-,+ACI-5890.00+ACI-,+ACI-2023-08-14+ACI-,+ACI-Single+ACI-,+ACI-211.00+ACI-,+ACI-123 Main St Apt 52, NewLine
+ACI-,+ACI-NY+ACI-,+ACI-69+ACI-,+ACI-Electronics+ACI-,+ACI-Credit Card+ACI-,+ACI-59991.00+ACI-,+ACI-Gotham+ACI-,+ACI-7+ACI-,+ACI-21+ACI-,+ACI-Engineer+ACI-,+ACI-645+ACI-,+ACI-REF4557+ACI-,+ACI-No+ACI-,+ACI-281.00+ACI-,+ACI-45171+ACI-,+ACI-Paid Off+ACI-,+ACI-340659.00+ACI-,+ACI-5+ACI-,+ACI-3+ACI-,+ACI-No+ACI-,+ACI-Store+ACI-,+ACI-43078+ACI-,+ACI-2024-02-09+ACI-,+ACI-No+ACI-,+ACI-Thingamajig C+//3//f/9ACI-,+ACI-2+ACI-,+ACI-Canada+ACI-,+ACI-Pending+ACI-,+ACI-Email+ACI-,+ACI-Yes+ACI-
+ACI-No+ACI-,+ACI-1983-12-02+ACI-,+ACI-customer53+AEA-example.com+ACI-,+ACI-2024-04-01+ACI-,+ACI-43+ACI-,+ACI-8+ACI-,+ACI-2023-04-25+ACI-,+ACIAIwAjACM--6262+ACI-,+ACI-2023-12-11+ACI-,+ACI-Linda+ACI-,+ACI-No+ACI-,+ACI-Male+ACI-,+ACI-78a1cf6d-65e7-4991-86d3-06d91775ce80+ACI-,+ACI-2023-08-14+ACI-,+ACI-Davis+ACI-,+ACI-159+ACI-,+ACI-2+ACI-,+ACI-4593.00+ACI-,+ACI-2023-12-10+ACI-,+ACI-Married+ACI-,+ACI-309.00+ACI-,+ACI-123 Main St Apt 53, NewLine
+ACI-,+ACI-TX+ACI-,+ACI-46+ACI-,+ACI-Home Goods+ACI-,+ACI-Wire Transfer+ACI-,+ACI-112648.00+ACI-,+ACIAIg-,+ACI-8+ACI-,+ACI-83+ACI-,+ACI-Teacher+ACI-,+ACI-486+ACI-,+ACI-REF5158+ACI-,+ACI-No+ACI-,+ACI-437.00+ACI-,+ACI-73795+ACI-,+ACI-Paid Off+ACI-,+ACI-185895.00+ACI-,+ACI-2+ACI-,+ACI-4+ACI-,+ACI-No+ACI-,+ACI-Online+ACI-,+ACI-54632+ACI-,+ACI-2023-07-22+ACI-,+ACI-Yes+ACI-,+ACI-Gadget, B+ACI-,+ACI-33+ACI-,+ACI-USA+ACI-,+ACI-Completed+ACI-,+ACI-Email+ACI-,+ACI-No+ACI-
+ACI-No+ACI-,+ACI-1982-06-14+ACI-,+ACI-customer54+AEA-example.com+ACI-,+ACI-2023-09-02+ACI-,+ACI-51+ACI-,+ACI-4+ACI-,+ACI-2023-09-26+ACI-,+ACIAIwAjACM--3871+ACI-,+ACI-2023-09-26+ACI-,+ACI-Mary+ACI-,+ACI-No+ACI-,+ACI-Other+ACI-,+ACI-ea293170-ac4a-4019-ae47-6ca49f77c02b+ACI-,+ACI-2023-12-27+ACI-,+ACI-Williams+ACI-,+ACI-76+ACI-,+ACI-3+ACI-,+ACI-13910.00+ACI-,+ACI-2023-12-07+ACI-,+ACI-Married+ACI-,+ACI-15.00+ACI-,+ACI-123 Main St Apt 54, NewLine
+ACI-,+ACI-TX+ACI-,+ACI-65+ACI-,+ACI-Home Goods+ACI-,+ACI-PayPal+ACI-,+ACI-27110.00+ACI-,+ACIAIg-,+ACI-1+ACI-,+ACI-68+ACI-,+ACI-Artist+ACI-,+ACI-501+ACI-,+ACI-REF8952+ACI-,+ACI-No+ACI-,+ACI-417.00+ACI-,+ACI-14880+ACI-,+ACI-Paid Off+ACI-,+ACI-56126.00+ACI-,+ACI-9+ACI-,+ACI-1+ACI-,+ACI-No+ACI-,+ACI-Phone+ACI-,+ACI-52222+ACI-,+ACI-2023-07-20+ACI-,+ACI-No+ACI-,+ACI-Thingamajig C+//3//f/9ACI-,+ACI-44+ACI-,+ACI-USA+ACI-,+ACI-Cancelled+ACI-,+ACI-Mail+ACI-,+ACI-No+ACI-
+ACI-Yes+ACI-,+ACI-2000-08-17+ACI-,+ACI-customer55+AEA-example.com+ACI-,+ACI-2023-10-03+ACI-,+ACI-38+ACI-,+ACI-6+ACI-,+ACI-2023-10-14+ACI-,+ACIAIwAjACM--+ACM-824+ACI-,+ACI-2023-06-17+ACI-,+ACIAIg-,+ACI-Yes+ACI-,+ACI-Female+ACI-,+ACI-cb258674-ea5a-4498-9f85-2e21761b8b6f+ACI-,+ACI-2023-12-04+ACI-,+ACI-Doe+ACI-,+ACI-86+ACI-,+ACI-3+ACI-,+ACI-8866.00+ACI-,+ACI-2024-03-20+ACI-,+ACI-Single+ACI-,+ACI-14.00+ACI-,+ACI-123 Main St Apt 55, NewLine
+ACI-,+ACI-NY+ACI-,+ACI-34+ACI-,+ACI-Electronics+ACI-,+ACI-Wire Transfer+ACI-,+ACI-105214.00+ACI-,+ACI-Riverdale+ACI-,+ACI-6+ACI-,+ACI-98+ACI-,+ACI-Artist+ACI-,+ACI-747+ACI-,+ACI-REF4539+ACI-,+ACI-No+ACI-,+ACI-172.00+ACI-,+ACI-44866+ACI-,+ACI-Current+ACI-,+ACI-281490.00+ACI-,+ACI-4+ACI-,+ACI-3+ACI-,+ACI-Yes+ACI-,+ACI-Store+ACI-,+ACI-39285+ACI-,+ACI-2023-08-01+ACI-,+ACI-No+ACI-,+ACI-Gadget, B+ACI-,+ACI-71+ACI-,+ACI-UK+ACI-,+ACI-Refunded+ACI-,+ACI-Mail+ACI-,+ACI-No+ACI-
+ACI-No+ACI-,+ACI-1983-04-21+ACI-,+ACI-customer56+AEA-example.com+ACI-,+ACI-2023-05-18+ACI-,+ACI-74+ACI-,+ACI-5+ACI-,+ACI-2023-12-05+ACI-,+ACIAIwAjACM--+ACMAIw-19+ACI-,+ACI-2023-06-26+ACI-,+ACI-Robert+ACI-,+ACI-No+ACI-,+ACI-Male+ACI-,+ACI-19fd030d-55b6-4ce1-a622-2f665c81ee77+ACI-,+ACI-2023-10-20+ACI-,+ACI-Davis+ACI-,+ACI-265+ACI-,+ACI-3+ACI-,+ACI-16778.00+ACI-,+ACI-2023-11-10+ACI-,+ACI-Single+ACI-,+ACI-197.00+ACI-,+ACI-123 Main St Apt 56, NewLine
+ACI-,+ACI-TX+ACI-,+ACI-58+ACI-,+ACI-Home Goods+ACI-,+ACI-Debit Card+ACI-,+ACI-100555.00+ACI-,+ACIAIg-,+ACI-4+ACI-,+ACI-22+ACI-,+ACI-Artist+ACI-,+ACI-456+ACI-,+ACI-REF6434+ACI-,+ACI-Yes+ACI-,+ACI-51.00+ACI-,+ACI-45197+ACI-,+ACI-Paid Off+ACI-,+ACI-331740.00+ACI-,+ACI-9+ACI-,+ACI-3+ACI-,+ACI-Yes+ACI-,+ACI-Online+ACI-,+ACI-27601+ACI-,+ACI-2023-07-24+ACI-,+ACI-No+ACI-,+ACI-Gadget, B+ACI-,+ACI-77+ACI-,+ACI-UK+ACI-,+ACI-Cancelled+ACI-,+ACI-Email+ACI-,+ACI-No+ACI-
+ACI-No+ACI-,+ACI-1976-08-25+ACI-,+ACI-customer57+AEA-example.com+ACI-,+ACI-2023-11-17+ACI-,+ACI-49+ACI-,+ACI-8+ACI-,+ACI-2023-04-14+ACI-,+ACIAIwAjACM--9986+ACI-,+ACI-2023-06-16+ACI-,+ACI-Linda+ACI-,+ACI-No+ACI-,+ACI-Male+ACI-,+ACI-0695dde3-fece-4ddc-9136-13393b535571+ACI-,+ACI-2023-09-30+ACI-,+ACI-Doe+ACI-,+ACI-213+ACI-,+ACI-4+ACI-,+ACI-6476.00+ACI-,+ACI-2024-01-24+ACI-,+ACI-Divorced+ACI-,+ACI-430.00+ACI-,+ACI-123 Main St Apt 57, NewLine
+ACI-,+ACI-NY+ACI-,+ACI-63+ACI-,+ACI-Electronics+ACI-,+ACI-Credit Card+ACI-,+ACI-54997.00+ACI-,+ACI-Riverdale+ACI-,+ACI-2+ACI-,+ACI-40+ACI-,+ACI-Doctor+ACI-,+ACI-326+ACI-,+ACI-REF2102+ACI-,+ACI-No+ACI-,+ACI-244.00+ACI-,+ACI-93138+ACI-,+ACI-Paid Off+ACI-,+ACI-352835.00+ACI-,+ACI-0+ACI-,+ACI-3+ACI-,+ACI-Yes+ACI-,+ACI-Store+ACI-,+ACI-72317+ACI-,+ACI-2023-08-08+ACI-,+ACI-No+ACI-,+ACI-Gadget, B+ACI-,+ACI-84+ACI-,+ACI-Canada+ACI-,+ACI-Completed+ACI-,+ACI-Phone+ACI-,+ACI-Yes+ACI-
+ACI-Yes+ACI-,+ACI-2009-11-01+ACI-,+ACI-customer58+AEA-example.com+ACI-,+ACI-2024-03-09+ACI-,+ACI-44+ACI-,+ACI-4+ACI-,+ACI-2023-11-13+ACI-,+ACIAIwAjACM--4984+ACI-,+ACI-2023-08-14+ACI-,+ACI-John+ACI-,+ACI-Yes+ACI-,+ACI-Male+ACI-,+ACI-e1e7d6ec-fd23-4dd2-8382-175e41496e3f+ACI-,+ACI-2023-12-20+ACI-,+ACI-Doe+ACI-,+ACI-87+ACI-,+ACI-1+ACI-,+ACI-15747.00+ACI-,+ACI-2023-06-21+ACI-,+ACI-Single+ACI-,+ACI-311.00+ACI-,+ACI-123 Main St Apt 58, NewLine
+ACI-,+ACI-TX+ACI-,+ACI-38+ACI-,+ACI-Home Goods+ACI-,+ACI-Wire Transfer+ACI-,+ACI-13666.00+ACI-,+ACIAIg-,+ACI-2+ACI-,+ACI-82+ACI-,+ACI-Doctor+ACI-,+ACI-546+ACI-,+ACI-REF1485+ACI-,+ACI-Yes+ACI-,+ACI-446.00+ACI-,+ACI-27349+ACI-,+ACI-Current+ACI-,+ACI-248373.00+ACI-,+ACI-6+ACI-,+ACI-2+ACI-,+ACI-Yes+ACI-,+ACI-Online+ACI-,+ACI-16012+ACI-,+ACI-2024-02-06+ACI-,+ACI-Yes+ACI-,+ACI-Thingamajig C+//3//f/9ACI-,+ACI-35+ACI-,+ACI-Canada+ACI-,+ACI-Completed+ACI-,+ACI-Email+ACI-,+ACI-No+ACI-
+ACI-No+ACI-,+ACI-1984-08-18+ACI-,+ACI-customer59+AEA-example.com+ACI-,+ACI-2024-01-17+ACI-,+ACI-64+ACI-,+ACI-7+ACI-,+ACI-2023-05-18+ACI-,+ACIAIwAjACM--789+ACMAIg-,+ACI-2023-06-27+ACI-,+ACIAIg-,+ACI-Yes+ACI-,+ACI-Other+ACI-,+ACI-5d1ab5d4-09f2-42e2-a573-7ca010851014+ACI-,+ACI-2023-07-19+ACI-,+ACI-Doe+ACI-,+ACI-218+ACI-,+ACI-2+ACI-,+ACI-17519.00+ACI-,+ACI-2023-08-04+ACI-,+ACI-Married+ACI-,+ACI-378.00+ACI-,+ACI-123 Main St Apt 59, NewLine
+ACI-,+ACI-CA+ACI-,+ACI-66+ACI-,+ACI-Clothing+ACI-,+ACI-Wire Transfer+ACI-,+ACI-103868.00+ACI-,+ACI-Springfield+ACI-,+ACI-3+ACI-,+ACI-99+ACI-,+ACI-Artist+ACI-,+ACI-523+ACI-,+ACI-REF3805+ACI-,+ACI-No+ACI-,+ACI-356.00+ACI-,+ACI-95962+ACI-,+ACI-Overdue+ACI-,+ACI-159721.00+ACI-,+ACI-0+ACI-,+ACI-1+ACI-,+ACI-Yes+ACI-,+ACI-Store+ACI-,+ACI-29255+ACI-,+ACI-2024-02-06+ACI-,+ACI-Yes+ACI-,+ACI-Widget A+ACI-,+ACI-95+ACI-,+ACI-UK+ACI-,+ACI-Pending+ACI-,+ACI-Email+ACI-,+ACI-No+ACI-
+ACI-No+ACI-,+ACI-2013-11-07+ACI-,+ACI-customer6+ACQAQA-example.com+ACI-,+ACI-2023-10-17+ACI-,+ACI-91+ACI-,+ACI-9+ACI-,+ACI-2024-02-15+ACI-,+ACIAIwAjACM--4867+ACI-,+ACI-2023-06-12+ACI-,+ACIAIg-,+ACI-Yes+ACI-,+ACI-Other+ACI-,+ACI-2601d4d4-c893-4add-822e-248534f7b8f3+ACI-,+ACI-2023-07-03+ACI-,+ACI-Doe+ACI-,+ACI-174+ACI-,+ACI-2+ACI-,+ACI-7857.00+ACI-,+ACI-2024-03-03+ACI-,+ACI-Single+ACI-,+ACI-187.00+ACI-,+ACI-123 Main St Apt 60, NewLine
+ACI-,+ACI-TX+ACI-,+ACI-49+ACI-,+ACI-Home Goods+ACI-,+ACI-Credit Card+ACI-,+ACI-53645.00+ACI-,+ACIAIg-,+ACI-1+ACI-,+ACI-97+ACI-,+ACI-Teacher+ACI-,+ACI-818+ACI-,+ACI-REF1626+ACI-,+ACI-Yes+ACI-,+ACI-13.00+ACI-,+ACI-39777+ACI-,+ACI-Paid Off+ACI-,+ACI-408375.00+ACI-,+ACI-1+ACI-,+ACI-1+ACI-,+ACI-Yes+ACI-,+ACI-Phone+ACI-,+ACI-42578+ACI-,+ACI-2023-09-19+ACI-,+ACI-Yes+ACI-,+ACI-Gadget, B+ACI-,+ACI-68+ACI-,+ACI-UK+ACI-,+ACI-Cancelled+ACI-,+ACI-Email+ACI-,+ACI-No+ACI-
+ACI-No+ACI-,+ACI-1993-12-01+ACI-,+ACI-customer61+AEA-example.com+ACI-,+ACI-2023-11-12+ACI-,+ACI-70+ACI-,+ACI-1+ACI-,+ACI-2023-05-07+ACI-,+ACIAIwAjACM--3204+ACI-,+ACI-2023-04-15+ACI-,+ACI-Jane+ACI-,+ACI-Yes+ACI-,+ACI-Male+ACI-,+ACI-edd2dd97-bab1-4100-bfa3-8642296b6544+ACI-,+ACI-2023-09-16+ACI-,+ACI-Johnson+ACI-,+ACI-280+ACI-,+ACI-2+ACI-,+ACI-18081.00+ACI-,+ACI-2024-03-14+ACI-,+ACI-Married+ACI-,+ACI-235.00+ACI-,+ACI-123 Main St Apt 61, NewLine
+ACI-,+ACI-NY+ACI-,+ACI-75+ACI-,+ACI-Home Goods+ACI-,+ACI-Debit Card+ACI-,+ACI-95684.00+ACI-,+ACI-Gotham+ACI-,+ACI-5+ACI-,+ACI-41+ACI-,+ACI-Artist+ACI-,+ACI-820+ACI-,+ACI-REF5474+ACI-,+ACI-Yes+ACI-,+ACI-104.00+ACI-,+ACI-92466+ACI-,+ACI-Current+ACI-,+ACI-81442.00+ACI-,+ACI-6+ACI-,+ACI-3+ACI-,+ACI-Yes+ACI-,+ACI-Store+ACI-,+ACI-82647+ACI-,+ACI-2023-06-30+ACI-,+ACI-No+ACI-,+ACI-Thingamajig C+//3//f/9ACI-,+ACI-51+ACI-,+ACI-UK+ACI-,+ACI-Refunded+ACI-,+ACI-Email+ACI-,+ACI-No+ACI-
+ACI-No+ACI-,+ACI-2013-03-18+ACI-,+ACI-customer62+AEA-example.com+ACI-,+ACI-2023-10-20+ACI-,+ACI-52+ACI-,+ACI-7+ACI-,+ACI-2023-09-16+ACI-,+ACIAIwAjACM--3370+ACI-,+ACI-2023-11-15+ACI-,+ACI-Linda+ACI-,+ACI-No+ACI-,+ACI-Male+ACI-,+ACI-e023ca14-a2dd-4dd1-abfc-5c175765d08a+ACI-,+ACI-2024-03-20+ACI-,+ACI-Johnson+ACI-,+ACI-84+ACI-,+ACI-4+ACI-,+ACI-3810.00+ACI-,+ACI-2023-12-16+ACI-,+ACI-Divorced+ACI-,+ACI-462.00+ACI-,+ACI-123 Main St Apt 62, NewLine
+ACI-,+ACI-NY+ACI-,+ACI-32+ACI-,+ACI-Home Goods+ACI-,+ACI-Credit Card+ACI-,+ACI-25264.00+ACI-,+ACIAIg-,+ACI-0+ACI-,+ACI-67+ACI-,+ACI-Artist+ACI-,+ACI-772+ACI-,+ACI-REF3155+ACI-,+ACI-No+ACI-,+ACI-367.00+ACI-,+ACI-13327+ACI-,+ACI-Current+ACI-,+ACI-431167.00+ACI-,+ACI-0+ACI-,+ACI-2+ACI-,+ACI-No+ACI-,+ACI-Online+ACI-,+ACI-72754+ACI-,+ACI-2023-08-13+ACI-,+ACI-No+ACI-,+ACI-Gadget, B+ACI-,+ACI-22+ACI-,+ACI-USA+ACI-,+ACI-Pending+ACI-,+ACI-Phone+ACI-,+ACI-Yes+ACI-
+ACI-Yes+ACI-,+ACI-1987-12-13+ACI-,+ACI-customer63+AEA-example.com+ACI-,+ACI-2024-01-23+ACI-,+ACI-27+ACI-,+ACI-3+ACI-,+ACI-2023-11-09+ACI-,+ACIAIwAjACM--+ACM-674+ACI-,+ACI-2023-05-04+ACI-,+ACIAIg-,+ACI-Yes+ACI-,+ACI-Male+ACI-,+ACI-6d96989a-3c90-47d4-b246-df8fab2c9e52+ACI-,+ACI-2023-10-16+ACI-,+ACI-Doe+ACI-,+ACI-362+ACI-,+ACI-1+ACI-,+ACI-8444.00+ACI-,+ACI-2023-12-27+ACI-,+ACI-Married+ACI-,+ACI-413.00+ACI-,+ACI-123 Main St Apt 63, NewLine
+ACI-,+ACI-NY+ACI-,+ACI-56+ACI-,+ACI-Home Goods+ACI-,+ACI-Credit Card+ACI-,+ACI-50631.00+ACI-,+ACI-Gotham+ACI-,+ACI-4+ACI-,+ACI-56+ACI-,+ACI-Doctor+ACI-,+ACI-816+ACI-,+ACI-REF4593+ACI-,+ACI-Yes+ACI-,+ACI-119.00+ACI-,+ACI-47364+ACI-,+ACI-Current+ACI-,+ACI-215856.00+ACI-,+ACI-1+ACI-,+ACI-2+ACI-,+ACI-No+ACI-,+ACI-Store+ACI-,+ACI-58318+ACI-,+ACI-2023-07-18+ACI-,+ACI-No+ACI-,+ACI-Thingamajig C+//3//f/9ACI-,+ACI-68+ACI-,+ACI-Canada+ACI-,+ACI-Refunded+ACI-,+ACI-Email+ACI-,+ACI-No+ACI-
+ACI-No+ACI-,+ACI-2019-05-01+ACI-,+ACI-customer64+AEA-example.com+ACI-,+ACI-2023-07-04+ACI-,+ACI-72+ACI-,+ACI-2+ACI-,+ACI-2023-05-05+ACI-,+ACIAIwAjACM--2+ACM-7+ACMAIg-,+ACI-2023-07-11+ACI-,+ACI-Jane+ACI-,+ACI-No+ACI-,+ACI-Female+ACI-,+ACI-5686a76f-d7a2-4534-a22f-eaa907cea8b9+ACI-,+ACI-2023-09-12+ACI-,+ACI-Smith+ACI-,+ACI-432+ACI-,+ACI-4+ACI-,+ACI-22301.00+ACI-,+ACI-2023-05-18+ACI-,+ACI-Single+ACI-,+ACI-80.00+ACI-,+ACI-123 Main St Apt 64, NewLine
+ACI-,+ACI-NY+ACI-,+ACI-42+ACI-,+ACI-Electronics+ACI-,+ACI-Credit Card+ACI-,+ACI-50222.00+ACI-,+ACI-Springfield+ACI-,+ACI-0+ACI-,+ACI-26+ACI-,+ACI-Teacher+ACI-,+ACI-698+ACI-,+ACI-REF1454+ACI-,+ACI-No+ACI-,+ACI-262.00+ACI-,+ACI-64446+ACI-,+ACI-Overdue+ACI-,+ACI-322422.00+ACI-,+ACI-7+ACI-,+ACI-1+ACI-,+ACI-No+ACI-,+ACI-Online+ACI-,+ACI-68985+ACI-,+ACI-2023-07-18+ACI-,+ACI-No+ACI-,+ACI-Widget A+ACI-,+ACI-68+ACI-,+ACI-UK+ACI-,+ACI-Pending+ACI-,+ACI-Email+ACI-,+ACI-No+ACI-
+ACI-No+ACI-,+ACI-2020-07-18+ACI-,+ACI-customer65+AEA-example.com+ACI-,+ACI-2024-04-06+ACI-,+ACI-77+ACI-,+ACI-8+ACI-,+ACI-2024-04-05+ACI-,+ACIAIwAjACM--6999+ACI-,+ACI-2023-04-16+ACI-,+ACI-Linda+ACI-,+ACI-No+ACI-,+ACI-Male+ACI-,+ACI-060b4382-f431-459a-8f19-4cee9381e585+ACI-,+ACI-2024-03-26+ACI-,+ACI-Davis+ACI-,+ACI-123+ACI-,+ACI-4+ACI-,+ACI-8270.00+ACI-,+ACI-2023-09-04+ACI-,+ACI-Divorced+ACI-,+ACI-141.00+ACI-,+ACI-123 Main St Apt 65, NewLine
+ACI-,+ACI-TX+ACI-,+ACI-69+ACI-,+ACI-Clothing+ACI-,+ACI-Debit Card+ACI-,+ACI-33433.00+ACI-,+ACIAIg-,+ACI-8+ACI-,+ACI-32+ACI-,+ACI-Engineer+ACI-,+ACI-548+ACI-,+ACI-REF1468+ACI-,+ACI-No+ACI-,+ACI-252.00+ACI-,+ACI-70279+ACI-,+ACI-Current+ACI-,+ACI-420342.00+ACI-,+ACI-9+ACI-,+ACI-2+ACI-,+ACI-Yes+ACI-,+ACI-Store+ACI-,+ACI-15603+ACI-,+ACI-2023-05-27+ACI-,+ACI-No+ACI-,+ACI-Thingamajig C+//3//f/9ACI-,+ACI-70+ACI-,+ACI-Canada+ACI-,+ACI-Cancelled+ACI-,+ACI-Email+ACI-,+ACI-No+ACI-
+ACI-Yes+ACI-,+ACI-2006-09-14+ACI-,+ACI-customer66+AEA-example.com+ACI-,+ACI-2023-04-14+ACI-,+ACI-72+ACI-,+ACI-2+ACI-,+ACI-2023-07-13+ACI-,+ACIAIwAjACM--3434+ACI-,+ACI-2023-07-27+ACI-,+ACIAIg-,+ACI-No+ACI-,+ACI-Female+ACI-,+ACI-38480630-9e87-4b06-85ca-fb0478d35266+ACI-,+ACI-2023-09-18+ACI-,+ACI-Johnson+ACI-,+ACI-466+ACI-,+ACI-2+ACI-,+ACI-4233.00+ACI-,+ACI-2024-03-14+ACI-,+ACI-Married+ACI-,+ACI-325.00+ACI-,+ACI-123 Main St Apt 66, NewLine
+ACI-,+ACI-CA+ACI-,+ACI-56+ACI-,+ACI-Electronics+ACI-,+ACI-Credit Card+ACI-,+ACI-131059.00+ACI-,+ACIAIg-,+ACI-9+ACI-,+ACI-42+ACI-,+ACI-Lawyer+ACI-,+ACI-581+ACI-,+ACI-REF5045+ACI-,+ACI-No+ACI-,+ACI-373.00+ACI-,+ACI-33989+ACI-,+ACI-Current+ACI-,+ACI-160625.00+ACI-,+ACI-1+ACI-,+ACI-3+ACI-,+ACI-No+ACI-,+ACI-Online+ACI-,+ACI-94266+ACI-,+ACI-2023-06-02+ACI-,+ACI-Yes+ACI-,+ACI-Thingamajig C+//3//f/9ACI-,+ACI-94+ACI-,+ACI-USA+ACI-,+ACI-Cancelled+ACI-,+ACI-Email+ACI-,+ACI-Yes+ACI-
+ACI-Yes+ACI-,+ACI-1996-01-15+ACI-,+ACI-customer67+AEA-example.com+ACI-,+ACI-2023-08-13+ACI-,+ACI-57+ACI-,+ACI-3+ACI-,+ACI-2023-11-21+ACI-,+ACIAIwAjACM--37+ACM-9+ACI-,+ACI-2023-11-08+ACI-,+ACI-Linda+ACI-,+ACI-Yes+ACI-,+ACI-Male+ACI-,+ACI-cb63b6be-2031-4a1c-82c5-41abeb3f33e0+ACI-,+ACI-2023-06-18+ACI-,+ACI-Williams+ACI-,+ACI-226+ACI-,+ACI-3+ACI-,+ACI-130.00+ACI-,+ACI-2023-12-08+ACI-,+ACI-Divorced+ACI-,+ACI-204.00+ACI-,+ACI-123 Main St Apt 67, NewLine
+ACI-,+ACI-CA+ACI-,+ACI-72+ACI-,+ACI-Electronics+ACI-,+ACI-Wire Transfer+ACI-,+ACI-137747.00+ACI-,+ACIAIg-,+ACI-5+ACI-,+ACI-27+ACI-,+ACI-Engineer+ACI-,+ACI-672+ACI-,+ACI-REF4800+ACI-,+ACI-No+ACI-,+ACI-404.00+ACI-,+ACI-94442+ACI-,+ACI-Current+ACI-,+ACI-137744.00+ACI-,+ACI-0+ACI-,+ACI-4+ACI-,+ACI-No+ACI-,+ACI-Online+ACI-,+ACI-53531+ACI-,+ACI-2024-04-08+ACI-,+ACI-No+ACI-,+ACI-Thingamajig C+//3//f/9ACI-,+ACI-31+ACI-,+ACI-USA+ACI-,+ACI-Pending+ACI-,+ACI-Email+ACI-,+ACI-Yes+ACI-
+ACI-Yes+ACI-,+ACI-1995-10-10+ACI-,+ACI-customer68+AEA-example.com+ACI-,+ACI-2023-10-04+ACI-,+ACI-96+ACI-,+ACI-6+ACI-,+ACI-2024-01-03+ACI-,+ACIAIwAjACM--6+ACM-31+ACI-,+ACI-2024-04-03+ACI-,+ACI-Linda+ACI-,+ACI-Yes+ACI-,+ACI-Male+ACI-,+ACI-5669bed0-9f90-4a3d-929e-5b30b1ec1b37+ACI-,+ACI-2023-10-27+ACI-,+ACI-Johnson+ACI-,+ACI-321+ACI-,+ACI-3+ACI-,+ACI-21369.00+ACI-,+ACI-2023-08-18+ACI-,+ACI-Divorced+ACI-,+ACI-160.00+ACI-,+ACI-123 Main St Apt 68, NewLine
+ACI-,+ACI-TX+ACI-,+ACI-34+ACI-,+ACI-Clothing+ACI-,+ACI-Credit Card+ACI-,+ACI-59564.00+ACI-,+ACI-Riverdale+ACI-,+ACI-8+ACI-,+ACI-14+ACI-,+ACI-Engineer+ACI-,+ACI-509+ACI-,+ACI-REF1043+ACI-,+ACI-No+ACI-,+ACI-255.00+ACI-,+ACI-46466+ACI-,+ACI-Overdue+ACI-,+ACI-116351.00+ACI-,+ACI-8+ACI-,+ACI-3+ACI-,+ACI-Yes+ACI-,+ACI-Store+ACI-,+ACI-71326+ACI-,+ACI-2023-12-12+ACI-,+ACI-No+ACI-,+ACI-Thingamajig C+//3//f/9ACI-,+ACI-9+ACI-,+ACI-USA+ACI-,+ACI-Refunded+ACI-,+ACI-Mail+ACI-,+ACI-Yes+ACI-
+ACI-Yes+ACI-,+ACI-1986-08-20+ACI-,+ACI-customer69+AEA-example.com+ACI-,+ACI-2023-08-10+ACI-,+ACI-60+ACI-,+ACI-2+ACI-,+ACI-2023-06-21+ACI-,+ACIAIwAjACM--4+ACM-73+ACI-,+ACI-2023-08-14+ACI-,+ACIAIg-,+ACI-No+ACI-,+ACI-Other+ACI-,+ACI-9cf91371-7ab5-4a34-8db6-2bf142ebddec+ACI-,+ACI-2023-08-16+ACI-,+ACI-Davis+ACI-,+ACI-477+ACI-,+ACI-3+ACI-,+ACI-16739.00+ACI-,+ACI-2024-03-26+ACI-,+ACI-Divorced+ACI-,+ACI-167.00+ACI-,+ACI-123 Main St Apt 69, NewLine
+ACI-,+ACI-CA+ACI-,+ACI-38+ACI-,+ACI-Home Goods+ACI-,+ACI-Debit Card+ACI-,+ACI-90313.00+ACI-,+ACI-Riverdale+ACI-,+ACI-1+ACI-,+ACI-14+ACI-,+ACI-Teacher+ACI-,+ACI-504+ACI-,+ACI-REF4724+ACI-,+ACI-Yes+ACI-,+ACI-441.00+ACI-,+ACI-49586+ACI-,+ACI-Paid Off+ACI-,+ACI-367276.00+ACI-,+ACI-7+ACI-,+ACI-4+ACI-,+ACI-Yes+ACI-,+ACI-Store+ACI-,+ACI-33523+ACI-,+ACI-2023-09-23+ACI-,+ACI-No+ACI-,+ACI-Widget A+ACI-,+ACI-81+ACI-,+ACI-UK+ACI-,+ACI-Pending+ACI-,+ACI-Email+ACI-,+ACI-No+ACI-
+ACI-Yes+ACI-,+ACI-1980-08-04+ACI-,+ACI-customer7+ACQAQA-example.com+ACI-,+ACI-2024-01-19+ACI-,+ACI-39+ACI-,+ACI-4+ACI-,+ACI-2024-03-04+ACI-,+ACIAIwAjACM--+ACM-941+ACI-,+ACI-2024-04-03+ACI-,+ACIAIg-,+ACI-No+ACI-,+ACI-Male+ACI-,+ACI-89bb2c55-7eb0-4dfc-a37c-b7690633d7ac+ACI-,+ACI-2024-02-13+ACI-,+ACI-Johnson+ACI-,+ACI-426+ACI-,+ACI-1+ACI-,+ACI-12166.00+ACI-,+ACI-2024-01-21+ACI-,+ACI-Married+ACI-,+ACI-424.00+ACI-,+ACI-123 Main St Apt 70, NewLine
+ACI-,+ACI-CA+ACI-,+ACI-27+ACI-,+ACI-Electronics+ACI-,+ACI-Debit Card+ACI-,+ACI-60592.00+ACI-,+ACIAIg-,+ACI-3+ACI-,+ACI-65+ACI-,+ACI-Teacher+ACI-,+ACI-301+ACI-,+ACI-REF2313+ACI-,+ACI-Yes+ACI-,+ACI-378.00+ACI-,+ACI-49194+ACI-,+ACI-Current+ACI-,+ACI-49603.00+ACI-,+ACI-1+ACI-,+ACI-4+ACI-,+ACI-No+ACI-,+ACI-Store+ACI-,+ACI-82681+ACI-,+ACI-2023-12-17+ACI-,+ACI-No+ACI-,+ACI-Widget A+ACI-,+ACI-34+ACI-,+ACI-USA+ACI-,+ACI-Refunded+ACI-,+ACI-Email+ACI-,+ACI-No+ACI-
+ACI-No+ACI-,+ACI-1997-12-30+ACI-,+ACI-customer71+AEA-example.com+ACI-,+ACI-2024-02-08+ACI-,+ACI-55+ACI-,+ACI-7+ACI-,+ACI-2023-10-11+ACI-,+ACIAIwAjACM--8661+ACI-,+ACI-2023-10-02+ACI-,+ACIAIg-,+ACI-No+ACI-,+ACI-Female+ACI-,+ACI-be6e5e87-e8c9-4835-ba95-2ab5bc3c9bde+ACI-,+ACI-2023-04-14+ACI-,+ACI-Williams+ACI-,+ACI-60+ACI-,+ACI-1+ACI-,+ACI-10729.00+ACI-,+ACI-2023-09-24+ACI-,+ACI-Divorced+ACI-,+ACI-371.00+ACI-,+ACI-123 Main St Apt 71, NewLine
+ACI-,+ACI-CA+ACI-,+ACI-27+ACI-,+ACI-Clothing+ACI-,+ACI-Credit Card+ACI-,+ACI-28566.00+ACI-,+ACIAIg-,+ACI-3+ACI-,+ACI-9+ACI-,+ACI-Engineer+ACI-,+ACI-417+ACI-,+ACI-REF2402+ACI-,+ACI-No+ACI-,+ACI-477.00+ACI-,+ACI-26260+ACI-,+ACI-Overdue+ACI-,+ACI-288319.00+ACI-,+ACI-6+ACI-,+ACI-4+ACI-,+ACI-Yes+ACI-,+ACI-Store+ACI-,+ACI-63365+ACI-,+ACI-2023-07-05+ACI-,+ACI-Yes+ACI-,+ACI-Gadget, B+ACI-,+ACI-3+ACI-,+ACI-Canada+ACI-,+ACI-Refunded+ACI-,+ACI-Mail+ACI-,+ACI-Yes+ACI-
+ACI-No+ACI-,+ACI-1983-07-08+ACI-,+ACI-customer72+AEA-example.com+ACI-,+ACI-2024-03-31+ACI-,+ACI-30+ACI-,+ACI-9+ACI-,+ACI-2023-10-14+ACI-,+ACIAIwAjACM--4+ACMAIw-3+ACI-,+ACI-2024-03-06+ACI-,+ACIAIg-,+ACI-Yes+ACI-,+ACI-Female+ACI-,+ACI-15ab9719-75da-4e5c-a5a8-797306d2aacd+ACI-,+ACI-2023-07-13+ACI-,+ACI-Smith+ACI-,+ACI-131+ACI-,+ACI-1+ACI-,+ACI-22005.00+ACI-,+ACI-2024-03-13+ACI-,+ACI-Divorced+ACI-,+ACI-472.00+ACI-,+ACI-123 Main St Apt 72, NewLine
+ACI-,+ACI-TX+ACI-,+ACI-20+ACI-,+ACI-Clothing+ACI-,+ACI-Debit Card+ACI-,+ACI-135420.00+ACI-,+ACIAIg-,+ACI-2+ACI-,+ACI-98+ACI-,+ACI-Teacher+ACI-,+ACI-355+ACI-,+ACI-REF2757+ACI-,+ACI-Yes+ACI-,+ACI-232.00+ACI-,+ACI-93331+ACI-,+ACI-Current+ACI-,+ACI-189207.00+ACI-,+ACI-2+ACI-,+ACI-4+ACI-,+ACI-Yes+ACI-,+ACI-Phone+ACI-,+ACI-54198+ACI-,+ACI-2023-11-12+ACI-,+ACI-Yes+ACI-,+ACI-Widget A+ACI-,+ACI-72+ACI-,+ACI-USA+ACI-,+ACI-Cancelled+ACI-,+ACI-Mail+ACI-,+ACI-No+ACI-
+ACI-Yes+ACI-,+ACI-2008-06-23+ACI-,+ACI-customer73+AEA-example.com+ACI-,+ACI-2024-01-08+ACI-,+ACI-52+ACI-,+ACI-8+ACI-,+ACI-2024-03-03+ACI-,+ACIAIwAjACM--3079+ACI-,+ACI-2023-06-03+ACI-,+ACI-John+ACI-,+ACI-No+ACI-,+ACI-Female+ACI-,+ACI-d63508a8-2e6c-4e9d-92d1-3b8ca9d33b56+ACI-,+ACI-2023-12-03+ACI-,+ACI-Johnson+ACI-,+ACI-104+ACI-,+ACI-2+ACI-,+ACI-1319.00+ACI-,+ACI-2023-05-11+ACI-,+ACI-Divorced+ACI-,+ACI-224.00+ACI-,+ACI-123 Main St Apt 73, NewLine
+ACI-,+ACI-NY+ACI-,+ACI-65+ACI-,+ACI-Home Goods+ACI-,+ACI-Debit Card+ACI-,+ACI-117798.00+ACI-,+ACIAIg-,+ACI-6+ACI-,+ACI-88+ACI-,+ACI-Teacher+ACI-,+ACI-812+ACI-,+ACI-REF8709+ACI-,+ACI-No+ACI-,+ACI-175.00+ACI-,+ACI-48395+ACI-,+ACI-Current+ACI-,+ACI-34182.00+ACI-,+ACI-9+ACI-,+ACI-2+ACI-,+ACI-No+ACI-,+ACI-Phone+ACI-,+ACI-50622+ACI-,+ACI-2024-02-16+ACI-,+ACI-Yes+ACI-,+ACI-Widget A+ACI-,+ACI-82+ACI-,+ACI-Canada+ACI-,+ACI-Completed+ACI-,+ACI-Email+ACI-,+ACI-Yes+ACI-
+ACI-Yes+ACI-,+ACI-2006-06-18+ACI-,+ACI-customer74+AEA-example.com+ACI-,+ACI-2023-09-11+ACI-,+ACI-69+ACI-,+ACI-3+ACI-,+ACI-2024-02-08+ACI-,+ACIAIwAjACM--2037+ACI-,+ACI-2024-03-26+ACI-,+ACIAIg-,+ACI-No+ACI-,+ACI-Other+ACI-,+ACI-de6f0465-d823-4c6b-9c8e-71a4d8066ff5+ACI-,+ACI-2023-06-15+ACI-,+ACI-Smith+ACI-,+ACI-44+ACI-,+ACI-4+ACI-,+ACI-325.00+ACI-,+ACI-2023-07-24+ACI-,+ACI-Married+ACI-,+ACI-14.00+ACI-,+ACI-123 Main St Apt 74, NewLine
+ACI-,+ACI-TX+ACI-,+ACI-51+ACI-,+ACI-Electronics+ACI-,+ACI-Debit Card+ACI-,+ACI-146829.00+ACI-,+ACIAIg-,+ACI-6+ACI-,+ACI-29+ACI-,+ACI-Doctor+ACI-,+ACI-366+ACI-,+ACI-REF6007+ACI-,+ACI-Yes+ACI-,+ACI-12.00+ACI-,+ACI-72670+ACI-,+ACI-Paid Off+ACI-,+ACI-72500.00+ACI-,+ACI-1+ACI-,+ACI-4+ACI-,+ACI-Yes+ACI-,+ACI-Phone+ACI-,+ACI-96404+ACI-,+ACI-2024-02-26+ACI-,+ACI-Yes+ACI-,+ACI-Thingamajig C+//3//f/9ACI-,+ACI-45+ACI-,+ACI-UK+ACI-,+ACI-Refunded+ACI-,+ACI-Mail+ACI-,+ACI-Yes+ACI-
+ACI-Yes+ACI-,+ACI-1989-01-14+ACI-,+ACI-customer75+AEA-example.com+ACI-,+ACI-2023-05-28+ACI-,+ACI-70+ACI-,+ACI-9+ACI-,+ACI-2023-11-18+ACI-,+ACIAIwAjACM--6+ACM-96+ACI-,+ACI-2023-05-21+ACI-,+ACI-Linda+ACI-,+ACI-Yes+ACI-,+ACI-Male+ACI-,+ACI-bcd18a4b-6230-4c16-ad48-0284e56bc92f+ACI-,+ACI-2024-01-26+ACI-,+ACI-Williams+ACI-,+ACI-311+ACI-,+ACI-4+ACI-,+ACI-6769.00+ACI-,+ACI-2023-04-26+ACI-,+ACI-Divorced+ACI-,+ACI-404.00+ACI-,+ACI-123 Main St Apt 75, NewLine
+ACI-,+ACI-CA+ACI-,+ACI-70+ACI-,+ACI-Electronics+ACI-,+ACI-Credit Card+ACI-,+ACI-114593.00+ACI-,+ACI-Gotham+ACI-,+ACI-0+ACI-,+ACI-49+ACI-,+ACI-Artist+ACI-,+ACI-619+ACI-,+ACI-REF5861+ACI-,+ACI-Yes+ACI-,+ACI-74.00+ACI-,+ACI-18417+ACI-,+ACI-Overdue+ACI-,+ACI-61385.00+ACI-,+ACI-8+ACI-,+ACI-3+ACI-,+ACI-Yes+ACI-,+ACI-Online+ACI-,+ACI-54853+ACI-,+ACI-2024-01-06+ACI-,+ACI-No+ACI-,+ACI-Widget A+ACI-,+ACI-21+ACI-,+ACI-UK+ACI-,+ACI-Pending+ACI-,+ACI-Phone+ACI-,+ACI-Yes+ACI-
+ACI-No+ACI-,+ACI-1993-07-05+ACI-,+ACI-customer76+AEA-example.com+ACI-,+ACI-2023-07-04+ACI-,+ACI-5+ACI-,+ACI-8+ACI-,+ACI-2023-07-12+ACI-,+ACIAIwAjACM--2363+ACI-,+ACI-2023-10-13+ACI-,+ACI-Robert+ACI-,+ACI-No+ACI-,+ACI-Other+ACI-,+ACI-96c41ba9-6569-4338-b8f8-0e0ec4ad74d5+ACI-,+ACI-2023-05-03+ACI-,+ACI-Johnson+ACI-,+ACI-404+ACI-,+ACI-3+ACI-,+ACI-16142.00+ACI-,+ACI-2023-10-08+ACI-,+ACI-Married+ACI-,+ACI-224.00+ACI-,+ACI-123 Main St Apt 76, NewLine
+ACI-,+ACI-TX+ACI-,+ACI-64+ACI-,+ACI-Clothing+ACI-,+ACI-PayPal+ACI-,+ACI-10852.00+ACI-,+ACIAIg-,+ACI-2+ACI-,+ACI-24+ACI-,+ACI-Teacher+ACI-,+ACI-311+ACI-,+ACI-REF9081+ACI-,+ACI-Yes+ACI-,+ACI-372.00+ACI-,+ACI-73085+ACI-,+ACI-Current+ACI-,+ACI-358976.00+ACI-,+ACI-1+ACI-,+ACI-3+ACI-,+ACI-No+ACI-,+ACI-Phone+ACI-,+ACI-16156+ACI-,+ACI-2023-07-18+ACI-,+ACI-Yes+ACI-,+ACI-Gadget, B+ACI-,+ACI-84+ACI-,+ACI-Canada+ACI-,+ACI-Pending+ACI-,+ACI-Email+ACI-,+ACI-Yes+ACI-
+ACI-No+ACI-,+ACI-1981-01-04+ACI-,+ACI-customer77+AEA-example.com+ACI-,+ACI-2023-06-14+ACI-,+ACI-41+ACI-,+ACI-2+ACI-,+ACI-2023-07-06+ACI-,+ACIAIwAjACM--8728+ACI-,+ACI-2023-09-13+ACI-,+ACI-John+ACI-,+ACI-No+ACI-,+ACI-Male+ACI-,+ACI-d37b39d7-d6b2-4caa-9f79-6a1acd4732df+ACI-,+ACI-2024-03-02+ACI-,+ACI-Doe+ACI-,+ACI-438+ACI-,+ACI-4+ACI-,+ACI-24568.00+ACI-,+ACI-2023-08-04+ACI-,+ACI-Single+ACI-,+ACI-258.00+ACI-,+ACI-123 Main St Apt 77, NewLine
+ACI-,+ACI-TX+ACI-,+ACI-50+ACI-,+ACI-Home Goods+ACI-,+ACI-Debit Card+ACI-,+ACI-76587.00+ACI-,+ACIAIg-,+ACI-6+ACI-,+ACI-80+ACI-,+ACI-Teacher+ACI-,+ACI-424+ACI-,+ACI-REF2531+ACI-,+ACI-Yes+ACI-,+ACI-257.00+ACI-,+ACI-72898+ACI-,+ACI-Current+ACI-,+ACI-118830.00+ACI-,+ACI-2+ACI-,+ACI-3+ACI-,+ACI-No+ACI-,+ACI-Store+ACI-,+ACI-60796+ACI-,+ACI-2023-10-17+ACI-,+ACI-No+ACI-,+ACI-Thingamajig C+//3//f/9ACI-,+ACI-2+ACI-,+ACI-USA+ACI-,+ACI-Completed+ACI-,+ACI-Email+ACI-,+ACI-No+ACI-
+ACI-No+ACI-,+ACI-1985-06-07+ACI-,+ACI-customer78+AEA-example.com+ACI-,+ACI-2023-12-05+ACI-,+ACI-43+ACI-,+ACI-3+ACI-,+ACI-2024-01-26+ACI-,+ACIAIwAjACM--9803+ACI-,+ACI-2024-03-19+ACI-,+ACI-John+ACI-,+ACI-No+ACI-,+ACI-Female+ACI-,+ACI-3a8f7b5c-eecd-4b51-8ae0-968ca8ff362c+ACI-,+ACI-2023-06-18+ACI-,+ACI-Williams+ACI-,+ACI-153+ACI-,+ACI-3+ACI-,+ACI-13035.00+ACI-,+ACI-2024-02-09+ACI-,+ACI-Single+ACI-,+ACI-142.00+ACI-,+ACI-123 Main St Apt 78, NewLine
+ACI-,+ACI-TX+ACI-,+ACI-62+ACI-,+ACI-Home Goods+ACI-,+ACI-Credit Card+ACI-,+ACI-16109.00+ACI-,+ACI-Gotham+ACI-,+ACI-8+ACI-,+ACI-80+ACI-,+ACI-Artist+ACI-,+ACI-790+ACI-,+ACI-REF1352+ACI-,+ACI-No+ACI-,+ACI-179.00+ACI-,+ACI-54162+ACI-,+ACI-Paid Off+ACI-,+ACI-304175.00+ACI-,+ACI-4+ACI-,+ACI-3+ACI-,+ACI-No+ACI-,+ACI-Online+ACI-,+ACI-28910+ACI-,+ACI-2024-02-10+ACI-,+ACI-No+ACI-,+ACI-Widget A+ACI-,+ACI-78+ACI-,+ACI-UK+ACI-,+ACI-Pending+ACI-,+ACI-Email+ACI-,+ACI-Yes+ACI-
+ACI-No+ACI-,+ACI-2010-01-12+ACI-,+ACI-customer79+AEA-example.com+ACI-,+ACI-2024-01-15+ACI-,+ACI-54+ACI-,+ACI-8+ACI-,+ACI-2023-08-13+ACI-,+ACIAIwAjACM--4060+ACI-,+ACI-2023-10-31+ACI-,+ACIAIg-,+ACI-No+ACI-,+ACI-Female+ACI-,+ACI-9bc9fc8e-68aa-49aa-973c-0b1565267f4d+ACI-,+ACI-2024-04-10+ACI-,+ACI-Davis+ACI-,+ACI-187+ACI-,+ACI-3+ACI-,+ACI-22055.00+ACI-,+ACI-2023-05-30+ACI-,+ACI-Single+ACI-,+ACI-201.00+ACI-,+ACI-123 Main St Apt 79, NewLine
+ACI-,+ACI-CA+ACI-,+ACI-54+ACI-,+ACI-Clothing+ACI-,+ACI-Credit Card+ACI-,+ACI-147345.00+ACI-,+ACI-Riverdale+ACI-,+ACI-4+ACI-,+ACI-66+ACI-,+ACI-Engineer+ACI-,+ACI-487+ACI-,+ACI-REF9188+ACI-,+ACI-No+ACI-,+ACI-95.00+ACI-,+ACI-41457+ACI-,+ACI-Overdue+ACI-,+ACI-177808.00+ACI-,+ACI-6+ACI-,+ACI-1+ACI-,+ACI-Yes+ACI-,+ACI-Phone+ACI-,+ACI-88895+ACI-,+ACI-2023-11-30+ACI-,+ACI-Yes+ACI-,+ACI-Gadget, B+ACI-,+ACI-32+ACI-,+ACI-UK+ACI-,+ACI-Refunded+ACI-,+ACI-Email+ACI-,+ACI-No+ACI-
+ACI-No+ACI-,+ACI-2014-10-30+ACI-,+ACI-customer8+ACQAQA-example.com+ACI-,+ACI-2023-08-05+ACI-,+ACI-21+ACI-,+ACI-3+ACI-,+ACI-2024-03-26+ACI-,+ACIAIwAjACM--1964+ACI-,+ACI-2023-05-17+ACI-,+ACI-Mary+ACI-,+ACI-No+ACI-,+ACI-Male+ACI-,+ACI-a8f4d3df-6ff9-4464-be5e-502d730daf76+ACI-,+ACI-2023-11-06+ACI-,+ACI-Doe+ACI-,+ACI-189+ACI-,+ACI-1+ACI-,+ACI-22518.00+ACI-,+ACI-2023-10-18+ACI-,+ACI-Married+ACI-,+ACI-252.00+ACI-,+ACI-123 Main St Apt 80, NewLine
+ACI-,+ACI-CA+ACI-,+ACI-32+ACI-,+ACI-Home Goods+ACI-,+ACI-Credit Card+ACI-,+ACI-46269.00+ACI-,+ACI-Gotham+ACI-,+ACI-6+ACI-,+ACI-12+ACI-,+ACI-Lawyer+ACI-,+ACI-310+ACI-,+ACI-REF3780+ACI-,+ACI-Yes+ACI-,+ACI-185.00+ACI-,+ACI-75893+ACI-,+ACI-Paid Off+ACI-,+ACI-139602.00+ACI-,+ACI-0+ACI-,+ACI-1+ACI-,+ACI-No+ACI-,+ACI-Store+ACI-,+ACI-41728+ACI-,+ACI-2024-01-20+ACI-,+ACI-No+ACI-,+ACI-Gadget, B+ACI-,+ACI-12+ACI-,+ACI-USA+ACI-,+ACI-Completed+ACI-,+ACI-Mail+ACI-,+ACI-Yes+ACI-
+ACI-Yes+ACI-,+ACI-1974-07-15+ACI-,+ACI-customer81+AEA-example.com+ACI-,+ACI-2024-04-04+ACI-,+ACI-22+ACI-,+ACI-2+ACI-,+ACI-2023-05-24+ACI-,+ACIAIwAjACM--1934+ACI-,+ACI-2023-12-02+ACI-,+ACI-Jane+ACI-,+ACI-Yes+ACI-,+ACI-Other+ACI-,+ACI-eb3c7ec9-a8fb-4f5a-9ce7-c063b8bebd6d+ACI-,+ACI-2023-11-29+ACI-,+ACI-Johnson+ACI-,+ACI-296+ACI-,+ACI-1+ACI-,+ACI-7970.00+ACI-,+ACI-2023-09-21+ACI-,+ACI-Divorced+ACI-,+ACI-160.00+ACI-,+ACI-123 Main St Apt 81, NewLine
+ACI-,+ACI-TX+ACI-,+ACI-76+ACI-,+ACI-Home Goods+ACI-,+ACI-Wire Transfer+ACI-,+ACI-116479.00+ACI-,+ACI-Gotham+ACI-,+ACI-2+ACI-,+ACI-15+ACI-,+ACI-Artist+ACI-,+ACI-456+ACI-,+ACI-REF8289+ACI-,+ACI-No+ACI-,+ACI-119.00+ACI-,+ACI-74380+ACI-,+ACI-Current+ACI-,+ACI-32902.00+ACI-,+ACI-2+ACI-,+ACI-4+ACI-,+ACI-No+ACI-,+ACI-Phone+ACI-,+ACI-20945+ACI-,+ACI-2023-05-19+ACI-,+ACI-No+ACI-,+ACI-Thingamajig C+//3//f/9ACI-,+ACI-42+ACI-,+ACI-UK+ACI-,+ACI-Pending+ACI-,+ACI-Phone+ACI-,+ACI-No+ACI-
+ACI-No+ACI-,+ACI-2007-11-12+ACI-,+ACI-customer82+AEA-example.com+ACI-,+ACI-2023-07-06+ACI-,+ACI-36+ACI-,+ACI-1+ACI-,+ACI-2024-01-26+ACI-,+ACIAIwAjACM--+ACMAIw-08+ACI-,+ACI-2024-04-05+ACI-,+ACI-Robert+ACI-,+ACI-Yes+ACI-,+ACI-Other+ACI-,+ACI-96d0ffa3-9615-48b5-b902-779ac948d0c2+ACI-,+ACI-2023-06-09+ACI-,+ACI-Johnson+ACI-,+ACI-160+ACI-,+ACI-4+ACI-,+ACI-19895.00+ACI-,+ACI-2024-02-19+ACI-,+ACI-Married+ACI-,+ACI-107.00+ACI-,+ACI-123 Main St Apt 82, NewLine
+ACI-,+ACI-NY+ACI-,+ACI-63+ACI-,+ACI-Home Goods+ACI-,+ACI-Wire Transfer+ACI-,+ACI-107831.00+ACI-,+ACI-Springfield+ACI-,+ACI-5+ACI-,+ACI-40+ACI-,+ACI-Lawyer+ACI-,+ACI-426+ACI-,+ACI-REF5716+ACI-,+ACI-No+ACI-,+ACI-242.00+ACI-,+ACI-63864+ACI-,+ACI-Paid Off+ACI-,+ACI-143913.00+ACI-,+ACI-1+ACI-,+ACI-3+ACI-,+ACI-Yes+ACI-,+ACI-Online+ACI-,+ACI-91934+ACI-,+ACI-2023-07-24+ACI-,+ACI-Yes+ACI-,+ACI-Thingamajig C+//3//f/9ACI-,+ACI-91+ACI-,+ACI-UK+ACI-,+ACI-Cancelled+ACI-,+ACI-Phone+ACI-,+ACI-No+ACI-
+ACI-No+ACI-,+ACI-1988-10-11+ACI-,+ACI-customer83+AEA-example.com+ACI-,+ACI-2023-12-21+ACI-,+ACI-66+ACI-,+ACI-8+ACI-,+ACI-2023-10-09+ACI-,+ACIAIwAjACM--3397+ACI-,+ACI-2023-04-14+ACI-,+ACIAIg-,+ACI-Yes+ACI-,+ACI-Male+ACI-,+ACI-793316f6-56c5-4cad-9d38-a47a57b1e523+ACI-,+ACI-2023-08-21+ACI-,+ACI-Doe+ACI-,+ACI-267+ACI-,+ACI-3+ACI-,+ACI-17418.00+ACI-,+ACI-2023-05-12+ACI-,+ACI-Married+ACI-,+ACI-290.00+ACI-,+ACI-123 Main St Apt 83, NewLine
+ACI-,+ACI-TX+ACI-,+ACI-60+ACI-,+ACI-Home Goods+ACI-,+ACI-Debit Card+ACI-,+ACI-144667.00+ACI-,+ACIAIg-,+ACI-5+ACI-,+ACI-52+ACI-,+ACI-Teacher+ACI-,+ACI-499+ACI-,+ACI-REF6635+ACI-,+ACI-No+ACI-,+ACI-87.00+ACI-,+ACI-44451+ACI-,+ACI-Current+ACI-,+ACI-382529.00+ACI-,+ACI-5+ACI-,+ACI-2+ACI-,+ACI-No+ACI-,+ACI-Phone+ACI-,+ACI-42085+ACI-,+ACI-2023-10-25+ACI-,+ACI-Yes+ACI-,+ACI-Thingamajig C+//3//f/9ACI-,+ACI-56+ACI-,+ACI-UK+ACI-,+ACI-Refunded+ACI-,+ACI-Phone+ACI-,+ACI-No+ACI-
+ACI-Yes+ACI-,+ACI-1990-07-30+ACI-,+ACI-customer84+AEA-example.com+ACI-,+ACI-2024-03-27+ACI-,+ACI-63+ACI-,+ACI-3+ACI-,+ACI-2023-04-18+ACI-,+ACIAIwAjACM--38+ACM-8+ACI-,+ACI-2023-04-21+ACI-,+ACIAIg-,+ACI-Yes+ACI-,+ACI-Male+ACI-,+ACI-98e4f3c8-6b9d-4d5b-9efd-f46fb7586428+ACI-,+ACI-2023-10-21+ACI-,+ACI-Doe+ACI-,+ACI-256+ACI-,+ACI-1+ACI-,+ACI-6500.00+ACI-,+ACI-2023-08-08+ACI-,+ACI-Single+ACI-,+ACI-397.00+ACI-,+ACI-123 Main St Apt 84, NewLine
+ACI-,+ACI-NY+ACI-,+ACI-22+ACI-,+ACI-Home Goods+ACI-,+ACI-Debit Card+ACI-,+ACI-114236.00+ACI-,+ACIAIg-,+ACI-5+ACI-,+ACI-37+ACI-,+ACI-Doctor+ACI-,+ACI-471+ACI-,+ACI-REF3331+ACI-,+ACI-No+ACI-,+ACI-316.00+ACI-,+ACI-25177+ACI-,+ACI-Paid Off+ACI-,+ACI-169372.00+ACI-,+ACI-1+ACI-,+ACI-4+ACI-,+ACI-Yes+ACI-,+ACI-Store+ACI-,+ACI-95357+ACI-,+ACI-2024-03-01+ACI-,+ACI-Yes+ACI-,+ACI-Thingamajig C+//3//f/9ACI-,+ACI-80+ACI-,+ACI-Canada+ACI-,+ACI-Cancelled+ACI-,+ACI-Phone+ACI-,+ACI-No+ACI-
+ACI-Yes+ACI-,+ACI-2011-12-23+ACI-,+ACI-customer85+AEA-example.com+ACI-,+ACI-2023-10-07+ACI-,+ACI-66+ACI-,+ACI-4+ACI-,+ACI-2023-11-26+ACI-,+ACIAIwAjACM--98+ACM-2+ACI-,+ACI-2023-12-06+ACI-,+ACIAIg-,+ACI-No+ACI-,+ACI-Other+ACI-,+ACI-45135a03-29a5-4376-85ec-a5722e8dc246+ACI-,+ACI-2024-02-29+ACI-,+ACI-Williams+ACI-,+ACI-127+ACI-,+ACI-4+ACI-,+ACI-14912.00+ACI-,+ACI-2023-09-08+ACI-,+ACI-Married+ACI-,+ACI-388.00+ACI-,+ACI-123 Main St Apt 85, NewLine
+ACI-,+ACI-NY+ACI-,+ACI-47+ACI-,+ACI-Electronics+ACI-,+ACI-PayPal+ACI-,+ACI-18386.00+ACI-,+ACIAIg-,+ACI-2+ACI-,+ACI-96+ACI-,+ACI-Artist+ACI-,+ACI-721+ACI-,+ACI-REF3215+ACI-,+ACI-Yes+ACI-,+ACI-366.00+ACI-,+ACI-10689+ACI-,+ACI-Overdue+ACI-,+ACI-485623.00+ACI-,+ACI-7+ACI-,+ACI-1+ACI-,+ACI-No+ACI-,+ACI-Online+ACI-,+ACI-99098+ACI-,+ACI-2023-09-25+ACI-,+ACI-No+ACI-,+ACI-Gadget, B+ACI-,+ACI-9+ACI-,+ACI-USA+ACI-,+ACI-Refunded+ACI-,+ACI-Email+ACI-,+ACI-No+ACI-
+ACI-No+ACI-,+ACI-1997-06-28+ACI-,+ACI-customer86+AEA-example.com+ACI-,+ACI-2024-02-14+ACI-,+ACI-83+ACI-,+ACI-9+ACI-,+ACI-2024-02-21+ACI-,+ACIAIwAjACM--8866+ACI-,+ACI-2023-09-12+ACI-,+ACI-Mary+ACI-,+ACI-Yes+ACI-,+ACI-Other+ACI-,+ACI-8e23078b-3049-4196-b1bf-8f8782e439e6+ACI-,+ACI-2024-04-06+ACI-,+ACI-Davis+ACI-,+ACI-310+ACI-,+ACI-1+ACI-,+ACI-16391.00+ACI-,+ACI-2023-05-24+ACI-,+ACI-Single+ACI-,+ACI-212.00+ACI-,+ACI-123 Main St Apt 86, NewLine
+ACI-,+ACI-NY+ACI-,+ACI-63+ACI-,+ACI-Home Goods+ACI-,+ACI-Debit Card+ACI-,+ACI-84744.00+ACI-,+ACI-Gotham+ACI-,+ACI-3+ACI-,+ACI-63+ACI-,+ACI-Teacher+ACI-,+ACI-409+ACI-,+ACI-REF3725+ACI-,+ACI-No+ACI-,+ACI-298.00+ACI-,+ACI-88775+ACI-,+ACI-Overdue+ACI-,+ACI-132066.00+ACI-,+ACI-7+ACI-,+ACI-1+ACI-,+ACI-Yes+ACI-,+ACI-Store+ACI-,+ACI-32919+ACI-,+ACI-2024-02-16+ACI-,+ACI-No+ACI-,+ACI-Gadget, B+ACI-,+ACI-24+ACI-,+ACI-Canada+ACI-,+ACI-Pending+ACI-,+ACI-Phone+ACI-,+ACI-No+ACI-
+ACI-No+ACI-,+ACI-1992-04-27+ACI-,+ACI-customer87+AEA-example.com+ACI-,+ACI-2023-12-23+ACI-,+ACI-56+ACI-,+ACI-5+ACI-,+ACI-2023-09-09+ACI-,+ACIAIwAjACM--708+ACMAIg-,+ACI-2023-11-16+ACI-,+ACI-Mary+ACI-,+ACI-No+ACI-,+ACI-Male+ACI-,+ACI-779166fb-6acb-40c7-b14f-b55bcfc351a5+ACI-,+ACI-2023-07-11+ACI-,+ACI-Doe+ACI-,+ACI-458+ACI-,+ACI-1+ACI-,+ACI-7559.00+ACI-,+ACI-2023-10-18+ACI-,+ACI-Single+ACI-,+ACI-350.00+ACI-,+ACI-123 Main St Apt 87, NewLine
+ACI-,+ACI-CA+ACI-,+ACI-51+ACI-,+ACI-Electronics+ACI-,+ACI-Credit Card+ACI-,+ACI-111785.00+ACI-,+ACIAIg-,+ACI-3+ACI-,+ACI-51+ACI-,+ACI-Teacher+ACI-,+ACI-331+ACI-,+ACI-REF3224+ACI-,+ACI-Yes+ACI-,+ACI-15.00+ACI-,+ACI-95879+ACI-,+ACI-Overdue+ACI-,+ACI-320747.00+ACI-,+ACI-6+ACI-,+ACI-2+ACI-,+ACI-No+ACI-,+ACI-Store+ACI-,+ACI-73135+ACI-,+ACI-2023-07-23+ACI-,+ACI-Yes+ACI-,+ACI-Gadget, B+ACI-,+ACI-84+ACI-,+ACI-UK+ACI-,+ACI-Cancelled+ACI-,+ACI-Mail+ACI-,+ACI-No+ACI-
+ACI-No+ACI-,+ACI-2003-02-18+ACI-,+ACI-customer88+AEA-example.com+ACI-,+ACI-2023-09-21+ACI-,+ACI-30+ACI-,+ACI-8+ACI-,+ACI-2023-04-13+ACI-,+ACIAIwAjACM--3999+ACI-,+ACI-2024-01-12+ACI-,+ACI-Jane+ACI-,+ACI-Yes+ACI-,+ACI-Male+ACI-,+ACI-cbe178f7-d24e-4efe-94e1-1d90ad2c008a+ACI-,+ACI-2023-10-01+ACI-,+ACI-Williams+ACI-,+ACI-199+ACI-,+ACI-2+ACI-,+ACI-8164.00+ACI-,+ACI-2023-04-17+ACI-,+ACI-Single+ACI-,+ACI-266.00+ACI-,+ACI-123 Main St Apt 88, NewLine
+ACI-,+ACI-NY+ACI-,+ACI-28+ACI-,+ACI-Electronics+ACI-,+ACI-Debit Card+ACI-,+ACI-86860.00+ACI-,+ACI-Springfield+ACI-,+ACI-5+ACI-,+ACI-92+ACI-,+ACI-Teacher+ACI-,+ACI-418+ACI-,+ACI-REF4593+ACI-,+ACI-No+ACI-,+ACI-88.00+ACI-,+ACI-52856+ACI-,+ACI-Overdue+ACI-,+ACI-235586.00+ACI-,+ACI-1+ACI-,+ACI-3+ACI-,+ACI-Yes+ACI-,+ACI-Online+ACI-,+ACI-72804+ACI-,+ACI-2023-06-08+ACI-,+ACI-Yes+ACI-,+ACI-Widget A+ACI-,+ACI-4+ACI-,+ACI-USA+ACI-,+ACI-Refunded+ACI-,+ACI-Email+ACI-,+ACI-Yes+ACI-
+ACI-No+ACI-,+ACI-1978-06-26+ACI-,+ACI-customer89+AEA-example.com+ACI-,+ACI-2023-08-12+ACI-,+ACI-38+ACI-,+ACI-4+ACI-,+ACI-2023-10-01+ACI-,+ACIAIwAjACM--683+ACMAIg-,+ACI-2023-08-17+ACI-,+ACIAIg-,+ACI-No+ACI-,+ACI-Male+ACI-,+ACI-394274a6-44c2-43af-95a2-6dff2f33d35c+ACI-,+ACI-2024-02-15+ACI-,+ACI-Williams+ACI-,+ACI-499+ACI-,+ACI-2+ACI-,+ACI-4056.00+ACI-,+ACI-2023-11-16+ACI-,+ACI-Single+ACI-,+ACI-20.00+ACI-,+ACI-123 Main St Apt 89, NewLine
+ACI-,+ACI-NY+ACI-,+ACI-70+ACI-,+ACI-Clothing+ACI-,+ACI-PayPal+ACI-,+ACI-42649.00+ACI-,+ACI-Gotham+ACI-,+ACI-6+ACI-,+ACI-41+ACI-,+ACI-Doctor+ACI-,+ACI-834+ACI-,+ACI-REF7887+ACI-,+ACI-No+ACI-,+ACI-346.00+ACI-,+ACI-90146+ACI-,+ACI-Paid Off+ACI-,+ACI-353895.00+ACI-,+ACI-8+ACI-,+ACI-2+ACI-,+ACI-No+ACI-,+ACI-Phone+ACI-,+ACI-16009+ACI-,+ACI-2023-06-11+ACI-,+ACI-No+ACI-,+ACI-Gadget, B+ACI-,+ACI-42+ACI-,+ACI-Canada+ACI-,+ACI-Completed+ACI-,+ACI-Email+ACI-,+ACI-Yes+ACI-
+ACI-Yes+ACI-,+ACI-1988-03-18+ACI-,+ACI-customer9+ACQAQA-example.com+ACI-,+ACI-2023-06-26+ACI-,+ACI-42+ACI-,+ACI-4+ACI-,+ACI-2023-09-01+ACI-,+ACIAIwAjACM--6620+ACI-,+ACI-2023-04-29+ACI-,+ACIAIg-,+ACI-Yes+ACI-,+ACI-Male+ACI-,+ACI-020231a4-9d87-496c-a100-328593f6a6bc+ACI-,+ACI-2023-08-27+ACI-,+ACI-Johnson+ACI-,+ACI-401+ACI-,+ACI-1+ACI-,+ACI-1751.00+ACI-,+ACI-2023-09-17+ACI-,+ACI-Married+ACI-,+ACI-485.00+ACI-,+ACI-123 Main St Apt 90, NewLine
+ACI-,+ACI-CA+ACI-,+ACI-70+ACI-,+ACI-Clothing+ACI-,+ACI-Credit Card+ACI-,+ACI-149931.00+ACI-,+ACIAIg-,+ACI-9+ACI-,+ACI-52+ACI-,+ACI-Artist+ACI-,+ACI-633+ACI-,+ACI-REF3342+ACI-,+ACI-No+ACI-,+ACI-260.00+ACI-,+ACI-14075+ACI-,+ACI-Current+ACI-,+ACI-196833.00+ACI-,+ACI-5+ACI-,+ACI-1+ACI-,+ACI-No+ACI-,+ACI-Online+ACI-,+ACI-96340+ACI-,+ACI-2023-06-04+ACI-,+ACI-No+ACI-,+ACI-Widget A+ACI-,+ACI-8+ACI-,+ACI-Canada+ACI-,+ACI-Pending+ACI-,+ACI-Mail+ACI-,+ACI-Yes+ACI-
+ACI-No+ACI-,+ACI-2021-03-06+ACI-,+ACI-customer91+AEA-example.com+ACI-,+ACI-2023-05-07+ACI-,+ACI-49+ACI-,+ACI-5+ACI-,+ACI-2023-09-18+ACI-,+ACIAIwAjACM--704+ACMAIg-,+ACI-2023-10-17+ACI-,+ACIAIg-,+ACI-No+ACI-,+ACI-Female+ACI-,+ACI-de9f769c-19cb-4128-9da7-14935a964050+ACI-,+ACI-2023-12-22+ACI-,+ACI-Smith+ACI-,+ACI-242+ACI-,+ACI-1+ACI-,+ACI-19326.00+ACI-,+ACI-2024-02-12+ACI-,+ACI-Divorced+ACI-,+ACI-230.00+ACI-,+ACI-123 Main St Apt 91, NewLine
+ACI-,+ACI-CA+ACI-,+ACI-66+ACI-,+ACI-Electronics+ACI-,+ACI-Wire Transfer+ACI-,+ACI-91788.00+ACI-,+ACIAIg-,+ACI-7+ACI-,+ACI-66+ACI-,+ACI-Teacher+ACI-,+ACI-385+ACI-,+ACI-REF9050+ACI-,+ACI-Yes+ACI-,+ACI-327.00+ACI-,+ACI-51492+ACI-,+ACI-Paid Off+ACI-,+ACI-125410.00+ACI-,+ACI-6+ACI-,+ACI-2+ACI-,+ACI-Yes+ACI-,+ACI-Phone+ACI-,+ACI-36681+ACI-,+ACI-2023-08-15+ACI-,+ACI-No+ACI-,+ACI-Widget A+ACI-,+ACI-75+ACI-,+ACI-UK+ACI-,+ACI-Completed+ACI-,+ACI-Mail+ACI-,+ACI-Yes+ACI-
+ACI-Yes+ACI-,+ACI-1979-08-28+ACI-,+ACI-customer92+AEA-example.com+ACI-,+ACI-2023-09-05+ACI-,+ACI-47+ACI-,+ACI-2+ACI-,+ACI-2023-11-18+ACI-,+ACIAIwAjACM--3809+ACI-,+ACI-2023-10-07+ACI-,+ACI-Jane+ACI-,+ACI-No+ACI-,+ACI-Female+ACI-,+ACI-49203bdf-e223-401d-bc9f-ca2b9a3fb2eb+ACI-,+ACI-2023-12-18+ACI-,+ACI-Davis+ACI-,+ACI-494+ACI-,+ACI-1+ACI-,+ACI-3878.00+ACI-,+ACI-2023-11-10+ACI-,+ACI-Married+ACI-,+ACI-229.00+ACI-,+ACI-123 Main St Apt 92, NewLine
+ACI-,+ACI-TX+ACI-,+ACI-64+ACI-,+ACI-Electronics+ACI-,+ACI-Credit Card+ACI-,+ACI-32925.00+ACI-,+ACI-Gotham+ACI-,+ACI-8+ACI-,+ACI-5+ACI-,+ACI-Lawyer+ACI-,+ACI-671+ACI-,+ACI-REF5278+ACI-,+ACI-No+ACI-,+ACI-142.00+ACI-,+ACI-23426+ACI-,+ACI-Overdue+ACI-,+ACI-143166.00+ACI-,+ACI-4+ACI-,+ACI-1+ACI-,+ACI-No+ACI-,+ACI-Store+ACI-,+ACI-85654+ACI-,+ACI-2023-11-17+ACI-,+ACI-No+ACI-,+ACI-Widget A+ACI-,+ACI-16+ACI-,+ACI-Canada+ACI-,+ACI-Cancelled+ACI-,+ACI-Mail+ACI-,+ACI-Yes+ACI-
+ACI-No+ACI-,+ACI-1999-07-28+ACI-,+ACI-customer93+AEA-example.com+ACI-,+ACI-2023-05-25+ACI-,+ACI-15+ACI-,+ACI-7+ACI-,+ACI-2023-04-16+ACI-,+ACIAIwAjACM--7429+ACI-,+ACI-2024-03-23+ACI-,+ACI-Mary+ACI-,+ACI-Yes+ACI-,+ACI-Other+ACI-,+ACI-5aa80a42-29ef-4782-bdc7-4400ba70c3e6+ACI-,+ACI-2023-05-14+ACI-,+ACI-Williams+ACI-,+ACI-255+ACI-,+ACI-4+ACI-,+ACI-24294.00+ACI-,+ACI-2024-02-07+ACI-,+ACI-Single+ACI-,+ACI-41.00+ACI-,+ACI-123 Main St Apt 93, NewLine
+ACI-,+ACI-TX+ACI-,+ACI-27+ACI-,+ACI-Electronics+ACI-,+ACI-PayPal+ACI-,+ACI-85329.00+ACI-,+ACIAIg-,+ACI-1+ACI-,+ACI-58+ACI-,+ACI-Doctor+ACI-,+ACI-721+ACI-,+ACI-REF3234+ACI-,+ACI-No+ACI-,+ACI-339.00+ACI-,+ACI-83662+ACI-,+ACI-Current+ACI-,+ACI-329751.00+ACI-,+ACI-0+ACI-,+ACI-2+ACI-,+ACI-No+ACI-,+ACI-Phone+ACI-,+ACI-87565+ACI-,+ACI-2023-12-19+ACI-,+ACI-No+ACI-,+ACI-Gadget, B+ACI-,+ACI-48+ACI-,+ACI-UK+ACI-,+ACI-Pending+ACI-,+ACI-Phone+ACI-,+ACI-Yes+ACI-
+ACI-Yes+ACI-,+ACI-1998-04-03+ACI-,+ACI-customer94+AEA-example.com+ACI-,+ACI-2023-09-17+ACI-,+ACI-95+ACI-,+ACI-2+ACI-,+ACI-2023-08-15+ACI-,+ACIAIwAjACM--1127+ACI-,+ACI-2023-10-26+ACI-,+ACI-Jane+ACI-,+ACI-Yes+ACI-,+ACI-Female+ACI-,+ACI-bd95ec0a-fede-4fe2-9b1d-4df460179492+ACI-,+ACI-2023-11-30+ACI-,+ACI-Smith+ACI-,+ACI-489+ACI-,+ACI-2+ACI-,+ACI-43.00+ACI-,+ACI-2023-11-03+ACI-,+ACI-Single+ACI-,+ACI-319.00+ACI-,+ACI-123 Main St Apt 94, NewLine
+ACI-,+ACI-CA+ACI-,+ACI-50+ACI-,+ACI-Electronics+ACI-,+ACI-Credit Card+ACI-,+ACI-131289.00+ACI-,+ACI-Springfield+ACI-,+ACI-6+ACI-,+ACI-47+ACI-,+ACI-Engineer+ACI-,+ACI-757+ACI-,+ACI-REF6018+ACI-,+ACI-Yes+ACI-,+ACI-405.00+ACI-,+ACI-12852+ACI-,+ACI-Current+ACI-,+ACI-416302.00+ACI-,+ACI-1+ACI-,+ACI-2+ACI-,+ACI-No+ACI-,+ACI-Phone+ACI-,+ACI-37638+ACI-,+ACI-2023-08-08+ACI-,+ACI-No+ACI-,+ACI-Thingamajig C+//3//f/9ACI-,+ACI-75+ACI-,+ACI-Canada+ACI-,+ACI-Completed+ACI-,+ACI-Email+ACI-,+ACI-No+ACI-
+ACI-Yes+ACI-,+ACI-1979-10-06+ACI-,+ACI-customer95+AEA-example.com+ACI-,+ACI-2024-02-11+ACI-,+ACI-12+ACI-,+ACI-6+ACI-,+ACI-2023-08-12+ACI-,+ACIAIwAjACM--4706+ACI-,+ACI-2023-06-01+ACI-,+ACI-Robert+ACI-,+ACI-No+ACI-,+ACI-Male+ACI-,+ACI-d16fd3f4-746f-4482-b468-d81e97f036a6+ACI-,+ACI-2023-12-26+ACI-,+ACI-Johnson+ACI-,+ACI-414+ACI-,+ACI-4+ACI-,+ACI-1752.00+ACI-,+ACI-2024-02-21+ACI-,+ACI-Single+ACI-,+ACI-64.00+ACI-,+ACI-123 Main St Apt 95, NewLine
+ACI-,+ACI-CA+ACI-,+ACI-61+ACI-,+ACI-Clothing+ACI-,+ACI-Debit Card+ACI-,+ACI-47842.00+ACI-,+ACI-Riverdale+ACI-,+ACI-6+ACI-,+ACI-43+ACI-,+ACI-Artist+ACI-,+ACI-636+ACI-,+ACI-REF4470+ACI-,+ACI-No+ACI-,+ACI-248.00+ACI-,+ACI-34571+ACI-,+ACI-Paid Off+ACI-,+ACI-151373.00+ACI-,+ACI-4+ACI-,+ACI-4+ACI-,+ACI-Yes+ACI-,+ACI-Online+ACI-,+ACI-10072+ACI-,+ACI-2023-05-20+ACI-,+ACI-Yes+ACI-,+ACI-Widget A+ACI-,+ACI-80+ACI-,+ACI-Canada+ACI-,+ACI-Completed+ACI-,+ACI-Mail+ACI-,+ACI-No+ACI-
+ACI-No+ACI-,+ACI-1976-10-22+ACI-,+ACI-customer96+AEA-example.com+ACI-,+ACI-2024-03-09+ACI-,+ACI-51+ACI-,+ACI-9+ACI-,+ACI-2023-11-06+ACI-,+ACIAIwAjACM--+ACM-693+ACI-,+ACI-2023-06-21+ACI-,+ACIAIg-,+ACI-Yes+ACI-,+ACI-Other+ACI-,+ACI-ee58a329-be91-4a29-9839-366af39e2db5+ACI-,+ACI-2023-12-15+ACI-,+ACI-Doe+ACI-,+ACI-132+ACI-,+ACI-1+ACI-,+ACI-23206.00+ACI-,+ACI-2023-09-03+ACI-,+ACI-Married+ACI-,+ACI-210.00+ACI-,+ACI-123 Main St Apt 96, NewLine
+ACI-,+ACI-NY+ACI-,+ACI-52+ACI-,+ACI-Clothing+ACI-,+ACI-Wire Transfer+ACI-,+ACI-105902.00+ACI-,+ACIAIg-,+ACI-4+ACI-,+ACI-89+ACI-,+ACI-Teacher+ACI-,+ACI-425+ACI-,+ACI-REF8021+ACI-,+ACI-No+ACI-,+ACI-266.00+ACI-,+ACI-91343+ACI-,+ACI-Overdue+ACI-,+ACI-332861.00+ACI-,+ACI-9+ACI-,+ACI-3+ACI-,+ACI-Yes+ACI-,+ACI-Store+ACI-,+ACI-31765+ACI-,+ACI-2023-05-16+ACI-,+ACI-Yes+ACI-,+ACI-Thingamajig C+//3//f/9ACI-,+ACI-6+ACI-,+ACI-Canada+ACI-,+ACI-Refunded+ACI-,+ACI-Email+ACI-,+ACI-No+ACI-
+ACI-Yes+ACI-,+ACI-1982-12-05+ACI-,+ACI-customer97+AEA-example.com+ACI-,+ACI-2024-02-22+ACI-,+ACI-25+ACI-,+ACI-9+ACI-,+ACI-2024-03-13+ACI-,+ACIAIwAjACM--+ACMAIw-40+ACI-,+ACI-2023-06-05+ACI-,+ACI-John+ACI-,+ACI-No+ACI-,+ACI-Male+ACI-,+ACI-539a8d40-55fb-4a19-97f3-01fbdc1a0850+ACI-,+ACI-2024-01-30+ACI-,+ACI-Smith+ACI-,+ACI-98+ACI-,+ACI-3+ACI-,+ACI-20534.00+ACI-,+ACI-2023-12-14+ACI-,+ACI-Single+ACI-,+ACI-138.00+ACI-,+ACI-123 Main St Apt 97, NewLine
+ACI-,+ACI-TX+ACI-,+ACI-55+ACI-,+ACI-Home Goods+ACI-,+ACI-Credit Card+ACI-,+ACI-27254.00+ACI-,+ACIAIg-,+ACI-7+ACI-,+ACI-51+ACI-,+ACI-Lawyer+ACI-,+ACI-339+ACI-,+ACI-REF4596+ACI-,+ACI-Yes+ACI-,+ACI-42.00+ACI-,+ACI-67429+ACI-,+ACI-Current+ACI-,+ACI-370450.00+ACI-,+ACI-9+ACI-,+ACI-2+ACI-,+ACI-No+ACI-,+ACI-Online+ACI-,+ACI-92253+ACI-,+ACI-2023-07-18+ACI-,+ACI-Yes+ACI-,+ACI-Widget A+ACI-,+ACI-10+ACI-,+ACI-Canada+ACI-,+ACI-Completed+ACI-,+ACI-Mail+ACI-,+ACI-No+ACI-
+ACI-No+ACI-,+ACI-2002-07-19+ACI-,+ACI-customer98+AEA-example.com+ACI-,+ACI-2024-04-07+ACI-,+ACI-84+ACI-,+ACI-5+ACI-,+ACI-2023-08-30+ACI-,+ACIAIwAjACM--+ACM-208+ACI-,+ACI-2023-09-06+ACI-,+ACIAIg-,+ACI-No+ACI-,+ACI-Female+ACI-,+ACI-59400424-81fa-44bd-a74e-4187c634758e+ACI-,+ACI-2023-12-24+ACI-,+ACI-Davis+ACI-,+ACI-177+ACI-,+ACI-3+ACI-,+ACI-4957.00+ACI-,+ACI-2023-10-13+ACI-,+ACI-Married+ACI-,+ACI-59.00+ACI-,+ACI-123 Main St Apt 98, NewLine
+ACI-,+ACI-TX+ACI-,+ACI-78+ACI-,+ACI-Clothing+ACI-,+ACI-Wire Transfer+ACI-,+ACI-44429.00+ACI-,+ACI-Riverdale+ACI-,+ACI-7+ACI-,+ACI-33+ACI-,+ACI-Teacher+ACI-,+ACI-676+ACI-,+ACI-REF9759+ACI-,+ACI-Yes+ACI-,+ACI-174.00+ACI-,+ACI-68192+ACI-,+ACI-Current+ACI-,+ACI-121533.00+ACI-,+ACI-4+ACI-,+ACI-1+ACI-,+ACI-Yes+ACI-,+ACI-Online+ACI-,+ACI-39247+ACI-,+ACI-2023-12-18+ACI-,+ACI-Yes+ACI-,+ACI-Gadget, B+ACI-,+ACI-30+ACI-,+ACI-UK+ACI-,+ACI-Refunded+ACI-,+ACI-Email+ACI-,+ACI-Yes+ACI-
+ACI-No+ACI-,+ACI-2001-06-11+ACI-,+ACI-customer99+AEA-example.com+ACI-,+ACI-2023-05-25+ACI-,+ACI-11+ACI-,+ACI-1+ACI-,+ACI-2024-02-24+ACI-,+ACIAIwAjACM--3+ACM-39+ACI-,+ACI-2023-12-20+ACI-,+ACIAIg-,+ACI-Yes+ACI-,+ACI-Male+ACI-,+ACI-d3e95066-8c6a-4d6b-b900-4f2eebdd4e4a+ACI-,+ACI-2024-03-08+ACI-,+ACI-Williams+ACI-,+ACI-350+ACI-,+ACI-1+ACI-,+ACI-12018.00+ACI-,+ACI-2023-12-10+ACI-,+ACI-Single+ACI-,+ACI-73.00+ACI-,+ACI-123 Main St Apt 99, NewLine
+ACI-,+ACI-CA+ACI-,+ACI-27+ACI-,+ACI-Electronics+ACI-,+ACI-Wire Transfer+ACI-,+ACI-35313.00+ACI-,+ACI-Riverdale+ACI-,+ACI-4+ACI-,+ACI-24+ACI-,+ACI-Artist+ACI-,+ACI-315+ACI-,+ACI-REF7335+ACI-,+ACI-No+ACI-,+ACI-110.00+ACI-,+ACI-67746+ACI-,+ACI-Overdue+ACI-,+ACI-90123.00+ACI-,+ACI-6+ACI-,+ACI-3+ACI-,+ACI-No+ACI-,+ACI-Store+ACI-,+ACI-57738+ACI-,+ACI-2024-02-29+ACI-,+ACI-No+ACI-,+ACI-Thingamajig C+//3//f/9ACI-,+ACI-78+ACI-,+ACI-UK+ACI-,+ACI-Completed+ACI-,+ACI-Email+ACI-,+ACI-Yes+ACI-
